id,name,datetime,department_id,job_id
40,Lisa Lewis,2021-10-07T11:54:36Z,5,33
761,Betty Davis,2021-10-04T22:39:11Z,2,6
2029,Barbara Gonzalez,2021-02-27T10:57:21Z,200,24
1243,Patricia Harris,2021-05-17T19:05:39Z,9,31
1930,,2021-03-25T22:48:19Z,10,30
1321,Paul Miller,2021-05-04T09:58:46Z,8,29
162,Michael Williams,2021-06-11T02:50:56Z,7,22
1519,David Smith,2021-03-01T02:08:03Z,1,35
354,James Garcia,2021-04-14T01:24:16Z,1,9
608,Jessica Miller,2021-04-06T17:43:29Z,5,36
751,Mark Ramirez,2021-06-01T03:12:08Z,11,35
339,Patricia Clark,2021-07-10T01:02:41Z,10,27
677,Sarah Gonzalez,2021-11-16T18:16:31Z,4,16
1028,James Rodriguez,2021-03-23T10:23:57Z,4,45
1268,Mary Jones,2021-12-27T15:26:33Z,6,39
1457,Karen Hernandez,2021-05-23T02:39:37Z,3,32
1565,Margaret Johnson,2021-03-20T11:30:47Z,2,32
1849,Richard Thomas,2023-04-28T00:56:42Z,8,48
375,Mary Jackson,2021-08-07T02:21:53Z,9,22
770,James Martinez,2021-06-10T16:59:21Z,7,50
179,Jessica Smith,2021-10-18T21:24:43Z,9,4
1406,Daniel Smith,2021-11-09T09:15:57Z,2,10
637,Matthew Garcia,2021-01-06T11:16:27Z,12,22
1582,Susan Lewis,2021-02-10T10:18:16Z,3,51
225,Patricia Clark,2021-01-26T09:02:41Z,7,32
1937,,2021-02-23T00:17:10Z,2,30
771,Robert White,2021-12-16T23:11:48Z,9,16
1789,Patricia Anderson,2021-05-01T13:03:36Z,11,42
15,Paul Ramirez,2021-05-21T10:40:57Z,10,13
665,Lisa Miller,2021-08-13T14:15:06Z,2,3
1047,James Wilson,2021-02-04T00:45:19Z,5,43
574,Susan Jones,2021-12-09T17:05:00Z,5,47
1084,Nancy Brown,2021-12-04T10:44:06Z,4,9
1577,Lisa Davis,2021-07-26T11:26:24Z,7,13
,Margaret Williams,2021-12-14T11:43:03Z,8,44
13,Joseph Moore,2021-02-18T11:27:50Z,7,6
1970,Charles Sanchez,,4,51
1877,Richard Ramirez,2023-10-10T15:17:02Z,2,35
1853,Thomas Perez,2022-01-16T22:18:42Z,2,35
1248,Nancy Johnson,2021-03-19T15:13:32Z,5,49
1815,James Thompson,2019-08-06T11:51:37Z,6,8
249,Robert Davis,2021-09-19T20:54:58Z,10,38
984,Susan Clark,2021-10-09T08:11:05Z,7,32
1469,Michael Clark,2021-04-09T18:09:05Z,8,41
1523,Michael Hernandez,2021-06-13T04:56:56Z,5,51
1062,Richard Lewis,2021-11-28T15:17:45Z,12,3
1716,Mary Jones,2021-11-28T14:15:56Z,1,43
1927,,2021-05-26T20:12:55Z,4,5
1639,William Johnson,2021-06-30T13:44:56Z,11,1
1227,Nancy Jackson,2021-07-15T19:27:43Z,3,32
1792,Sandra Lopez,2021-06-02T06:25:18Z,3,45
1483,Daniel Gonzalez,2021-04-16T08:12:55Z,8,50
1115,Daniel Thompson,2021-12-13T13:31:35Z,11,20
936,Thomas Smith,2021-01-18T02:27:46Z,1,16
814,James Ramirez,2021-05-14T05:43:05Z,11,7
1362,Michael Jackson,2021-03-04T14:55:26Z,11,27
1975,Jennifer Lee,not-a-date,12,5
255,Nancy Brown,2021-11-30T02:39:06Z,3,22
213,William Martinez,2021-04-08T15:15:07Z,4,8
678,Joseph Lopez,2021-03-02T05:50:09Z,5,13
1586,David Ramirez,2021-05-25T08:40:37Z,7,49
1049,James Miller,2021-03-08T08:16:17Z,11,19
117,Linda Miller,2021-11-14T03:08:19Z,8,23
1316,Sandra Moore,2021-06-29T03:18:11Z,11,36
353,Betty Sanchez,2021-04-03T09:40:59Z,10,21
565,Mary Martinez,2021-05-30T04:32:09Z,10,27
672,Robert Perez,2021-09-15T00:21:12Z,9,9
767,Sarah Moore,2021-07-19T00:17:41Z,7,7
1273,Thomas Williams,2021-11-02T08:27:28Z,9,11
629,Paul Clark,2021-03-10T06:28:10Z,1,26
1247,Patricia Smith,2021-05-28T21:58:07Z,3,4
181,Daniel Johnson,2021-10-20T21:57:46Z,1,16
818,Daniel Garcia,2021-03-14T09:15:07Z,11,43
156,William Harris,2021-04-07T00:26:28Z,11,18
1743,Nancy Hernandez,2021-05-13T13:43:14Z,7,47
1110,Charles Brown,2021-01-03T20:29:03Z,9,43
714,Barbara Hernandez,2021-06-10T18:06:31Z,1,37
1044,William Perez,2021-04-20T07:59:06Z,5,16
1051,Betty Gonzalez,2021-07-02T21:31:13Z,8,43
949,Jessica Harris,2021-10-29T07:46:52Z,4,47
702,William Gonzalez,2021-09-19T15:04:38Z,10,39
1642,James Martinez,2021-12-03T20:51:04Z,11,25
1989,Thomas Lee,27/07/2021,5,27
1031,Susan Garcia,2021-12-10T12:37:19Z,7,32
344,Margaret Clark,2021-06-26T14:16:23Z,2,43
152,Thomas Moore,2021-08-20T06:01:04Z,6,49
2085,Anthony Brown,2021-10-31T20:13:28Z,2,500
1156,Patricia Lopez,2021-10-04T04:01:35Z,11,51
1899,David Clark,2020-11-04T00:14:36Z,4,49
473,Mark Thompson,2021-09-10T10:04:21Z,6,51
1477,Paul Williams,2021-05-28T23:50:20Z,10,19
982,Betty Jones,2021-02-05T17:18:10Z,6,8
364,Charles Moore,2021-10-04T13:44:42Z,6,25
1004,Barbara Robinson,2021-08-18T17:45:43Z,1,46
139,Jessica Sanchez,2021-12-16T23:36:50Z,12,11
691,Daniel Perez,2021-06-15T21:47:52Z,9,32
990,Mary Williams,2021-04-19T15:42:04Z,7,9
1403,Patricia Miller,2021-07-17T10:06:18Z,7,51
699,William Miller,2021-05-09T06:16:27Z,11,6
927,Thomas Sanchez,2021-11-16T10:19:10Z,12,17
2008,Sarah Thompson,2021-01-14T11:19:32Z,,43
685,Linda Moore,2021-03-26T09:05:44Z,1,9
1303,Richard Clark,2021-09-14T14:23:10Z,1,31
627,Charles Davis,2021-07-27T19:58:50Z,12,47
396,William Miller,2021-10-21T04:34:48Z,9,8
486,Robert Taylor,2021-05-21T01:04:14Z,2,34
778,Joseph Brown,2021-02-22T14:51:14Z,5,1
1983,Jessica Thompson,not-a-date,11,35
838,Margaret Lopez,2021-01-04T17:19:26Z,8,9
1176,Linda Anderson,2021-04-25T23:07:36Z,5,30
1888,David Johnson,2019-05-12T03:45:55Z,12,3
942,Charles Lopez,2021-02-16T08:53:50Z,9,44
210,Elizabeth Perez,2021-08-14T20:29:27Z,6,31
998,Barbara Harris,2021-08-15T19:10:16Z,4,11
1834,Thomas Lewis,2023-07-02T05:33:46Z,10,47
378,Elizabeth Martin,2021-05-02T08:14:05Z,6,7
1632,Joseph Thomas,2021-01-09T20:01:40Z,6,14
1427,Paul Moore,2021-11-12T19:04:57Z,10,17
988,Karen Martin,2021-08-28T14:38:38Z,4,42
1491,Robert Brown,2021-04-12T22:13:56Z,10,10
480,Mary Davis,2021-06-13T01:03:27Z,11,51
592,Paul White,2021-12-05T16:33:10Z,12,41
848,Mark Harris,2021-01-17T03:50:17Z,12,29
1137,John Hernandez,2021-12-01T22:05:38Z,12,12
1786,Mark Miller,2021-10-04T20:41:50Z,11,35
757,David Smith,2021-09-04T06:27:15Z,5,51
585,Joseph Jones,2021-08-24T10:45:27Z,9,9
1471,Barbara Lopez,2021-08-06T14:50:27Z,9,17
992,Daniel Sanchez,2021-07-31T03:14:51Z,1,25
1252,Barbara Clark,2021-06-25T18:29:11Z,2,40
237,Elizabeth Johnson,2021-03-31T21:30:53Z,5,46
1810,Richard Martin,2022-08-13T10:42:40Z,8,13
1214,Margaret Anderson,2021-05-09T22:12:32Z,9,50
1914,Mary Miller,2022-02-13T18:14:43Z,3,44
1490,James Harris,2021-06-04T04:25:29Z,9,49
1601,Jessica Clark,2021-12-16T03:30:42Z,12,45
1541,Matthew Martin,2021-03-02T04:37:46Z,6,50
734,Patricia Robinson,2021-02-07T09:42:37Z,9,10
1493,Linda Davis,2021-10-14T10:52:01Z,5,29
81,Karen Williams,2021-09-20T05:26:13Z,4,26
1620,Karen White,2021-07-23T14:20:36Z,4,16
1296,Richard Anderson,2021-09-02T18:03:02Z,7,28
1061,Paul Davis,2021-07-04T23:05:10Z,5,6
1231,Charles Garcia,2021-10-11T16:42:13Z,3,7
1676,Susan Davis,2021-10-16T07:21:31Z,11,13
737,Barbara Gonzalez,2021-06-28T06:10:08Z,10,16
1108,Joseph Rodriguez,2021-03-26T17:51:20Z,8,20
644,William Hernandez,2021-04-28T06:20:21Z,10,47
1372,Jennifer Martin,2021-09-14T04:22:19Z,9,17
1672,Thomas Ramirez,2021-08-23T20:19:19Z,8,46
869,Margaret Harris,2021-11-26T00:10:18Z,12,6
235,Jennifer Moore,2021-01-30T03:39:19Z,3,1
1202,Margaret Thomas,2021-11-27T20:00:52Z,8,11
187,Patricia Jackson,2021-01-10T23:20:24Z,5,37
1127,Betty Moore,2021-10-24T06:54:47Z,3,44
1392,James Gonzalez,2021-09-12T04:48:43Z,4,45
2031,Barbara Martinez,2021-06-23T01:04:10Z,0,14
1661,Susan Robinson,2021-10-27T01:23:10Z,3,42
2002,Matthew Moore,2021-04-21T18:41:27Z,,12
89,Joseph Martin,2021-08-07T15:28:51Z,2,5
333,Elizabeth Lee,2021-06-08T13:35:35Z,2,9
1097,Joseph Garcia,2021-12-05T01:28:07Z,8,38
564,William Anderson,2021-04-07T06:46:17Z,3,7
1496,Margaret Thomas,2021-07-01T10:33:31Z,9,18
2062,Mark Ramirez,2021-09-24T00:21:23Z,5,
903,Margaret Ramirez,2021-09-13T16:46:58Z,5,14
860,Mark Brown,2021-02-22T15:46:48Z,7,4
1757,Margaret Hernandez,2021-10-03T16:11:18Z,1,18
1384,Thomas Wilson,2021-03-31T02:58:00Z,8,51
78,Mary White,2021-05-02T19:00:31Z,1,4
593,James Martin,2021-07-04T07:30:05Z,5,42
1520,James Garcia,2021-02-09T17:15:28Z,5,18
51,Margaret Martin,2021-06-14T07:55:53Z,4,35
1537,Michael Brown,2021-04-02T15:21:39Z,11,28
1823,Margaret Anderson,2023-12-14T00:47:32Z,12,39
340,William Johnson,2021-09-26T01:52:55Z,6,14
514,Barbara Taylor,2021-11-08T02:45:20Z,12,44
704,Charles White,2021-09-18T18:22:20Z,9,14
19,Jennifer Lopez,2021-05-18T23:21:46Z,4,43
1447,Margaret Rodriguez,2021-07-10T14:38:14Z,3,49
538,Susan Harris,2021-06-09T00:11:49Z,10,5
1020,Richard Martinez,2021-10-13T01:19:44Z,12,19
1206,Robert Anderson,2021-06-22T12:08:25Z,10,29
1337,Linda Lewis,2021-10-27T20:54:41Z,10,47
258,Joseph Williams,2021-05-03T03:30:44Z,5,21
140,Nancy Williams,2021-04-21T05:04:51Z,9,43
935,Nancy White,2021-02-14T18:59:13Z,4,48
703,Mary Ramirez,2021-01-29T06:23:56Z,4,49
1788,John Williams,2021-11-12T16:19:14Z,12,30
1775,Patricia Rodriguez,2021-02-27T23:46:12Z,3,18
581,David Moore,2021-12-31T15:38:05Z,6,49
918,Sandra Miller,2021-11-10T19:39:57Z,3,35
664,Lisa Smith,2021-06-03T18:30:34Z,5,1
718,David Davis,2021-05-28T12:21:47Z,10,16
1413,Sandra Sanchez,2021-07-21T05:32:19Z,5,13
680,Betty Perez,2021-06-12T19:36:20Z,10,50
870,Lisa Anderson,2021-09-04T13:08:33Z,11,45
441,Elizabeth Rodriguez,2021-10-09T01:41:11Z,11,39
602,Lisa Johnson,2021-10-02T02:18:07Z,3,34
1310,Sarah Moore,2021-02-03T01:26:23Z,5,14
82,Patricia Lewis,2021-08-10T05:45:34Z,4,38
1835,Susan Lopez,2022-11-06T23:58:46Z,5,19
1475,Anthony Martinez,2021-05-18T21:51:22Z,6,44
1221,Lisa White,2021-06-08T22:07:14Z,2,17
1111,Mark Clark,2021-05-26T08:04:27Z,9,42
212,Sarah Hernandez,2021-05-17T15:06:42Z,12,30
1578,Michael Taylor,2021-09-13T02:31:58Z,4,37
1509,Michael Wilson,2021-12-09T14:20:47Z,9,28
785,Jessica Jackson,2021-10-31T16:31:45Z,4,21
1138,Anthony Williams,2021-07-09T08:34:58Z,6,41
1155,Lisa Smith,2021-08-18T00:20:08Z,9,11
1649,Barbara Perez,2021-05-17T16:04:03Z,6,41
553,Daniel Harris,2021-08-12T23:53:51Z,5,42
357,Charles Brown,2021-06-25T12:59:45Z,9,15
490,James Lopez,2021-11-03T05:32:21Z,2,23
941,Sandra White,2021-05-05T06:00:41Z,5,5
1901,John Harris,2022-06-11T05:31:07Z,3,45
1929,,2021-01-22T02:28:46Z,7,10
651,Jessica Jones,2021-06-26T16:42:30Z,12,39
295,Anthony Lee,2021-10-01T08:44:16Z,2,29
1449,Anthony Jackson,2021-02-19T19:20:20Z,1,34
1785,Joseph Martin,2021-05-19T02:39:31Z,5,22
872,Michael Wilson,2021-11-17T08:08:14Z,4,32
141,Daniel Martin,2021-05-11T04:10:51Z,2,49
416,Michael Lewis,2021-10-29T10:58:17Z,6,23
963,Matthew Clark,2021-10-13T13:59:07Z,6,21
933,Barbara Johnson,2021-07-14T00:42:09Z,10,11
1583,Jennifer Moore,2021-06-05T22:47:02Z,9,22
888,David Clark,2021-02-16T20:00:55Z,7,45
558,Joseph Williams,2021-09-25T10:20:37Z,1,11
740,Richard Gonzalez,2021-05-27T11:28:30Z,9,31
1845,Robert Jones,2022-08-20T06:52:23Z,3,32
79,Charles Thomas,2021-07-15T06:54:18Z,9,11
1507,James Harris,2021-06-17T03:56:52Z,5,39
323,Lisa Ramirez,2021-05-12T13:03:17Z,2,30
762,William Jones,2021-05-28T13:51:23Z,12,51
880,Jennifer Ramirez,2021-12-29T05:37:56Z,5,6
2070,Mark Miller,2021-11-05T18:55:54Z,9,
1739,Sarah Sanchez,2021-09-05T13:57:49Z,4,1
1752,Michael Jackson,2021-09-24T05:15:38Z,6,51
440,David Brown,2021-08-05T16:35:38Z,11,25
1968,Mary Martinez,,7,49
1073,Susan Brown,2021-06-10T22:52:59Z,3,10
931,Thomas Williams,2021-04-13T02:52:06Z,12,37
1942,,2021-12-18T16:35:58Z,3,37
203,Jessica Miller,2021-05-18T19:12:30Z,5,22
236,Susan Anderson,2021-09-25T17:24:16Z,10,31
164,Mark Wilson,2021-06-01T06:11:13Z,10,45
1851,John Taylor,2022-12-04T23:34:35Z,7,1
1090,Matthew Taylor,2021-06-06T15:49:19Z,3,50
69,Margaret Robinson,2021-01-30T06:38:17Z,8,36
389,Daniel Smith,2021-02-05T15:14:36Z,12,34
1191,Paul Clark,2021-10-10T10:43:41Z,3,31
1684,Mary Taylor,2021-02-12T10:54:06Z,8,30
393,John Garcia,2021-10-20T23:51:07Z,10,4
1824,Karen Garcia,2023-06-26T11:15:44Z,9,28
759,Richard Wilson,2021-03-14T03:12:07Z,11,38
1710,Betty Smith,2021-08-25T02:49:15Z,8,16
,Jessica Taylor,2021-04-19T07:26:56Z,3,50
794,Betty Gonzalez,2021-01-29T17:24:18Z,8,39
1504,James Taylor,2021-11-13T15:53:25Z,3,23
286,Thomas Robinson,2021-06-27T10:52:42Z,1,47
1790,Matthew Harris,2021-06-30T17:48:37Z,8,15
1893,Matthew Lee,2020-02-20T16:41:59Z,1,12
272,Michael Robinson,2021-08-21T18:36:14Z,9,48
1589,Richard Harris,2021-08-02T16:35:47Z,12,17
1281,Nancy Lewis,2021-05-05T15:20:59Z,7,51
920,Mark Lee,2021-09-22T11:53:56Z,11,5
2044,Daniel Perez,2021-12-13T16:26:29Z,150,27
1906,Susan Thompson,2022-11-10T13:37:24Z,8,45
1804,Patricia Jackson,2023-08-20T11:49:34Z,8,21
1964,Jennifer Sanchez,,6,41
1228,James Taylor,2021-10-13T22:00:40Z,1,36
656,Barbara Williams,2021-12-23T05:20:25Z,10,8
2035,Michael Martinez,2021-07-04T07:42:53Z,150,5
1958,Barbara Martinez,,4,42
1301,Patricia Martinez,2021-11-02T14:21:50Z,11,20
802,Richard Harris,2021-05-09T18:42:18Z,7,7
477,William Miller,2021-11-21T06:25:12Z,3,36
275,Sandra Sanchez,2021-07-17T04:27:29Z,5,1
1677,Anthony Miller,2021-01-26T16:26:06Z,3,29
710,Elizabeth Gonzalez,2021-07-01T01:46:09Z,9,42
1339,Thomas Williams,2021-06-04T02:18:20Z,6,33
458,Nancy White,2021-04-03T05:56:30Z,8,40
1328,Joseph Anderson,2021-05-20T07:42:50Z,5,32
2087,Nancy Lopez,2021-01-12T08:42:53Z,2,0
500,Anthony Lee,2021-03-16T05:12:47Z,5,23
1558,Margaret Lopez,2021-10-29T08:59:55Z,10,16
444,Daniel Thompson,2021-09-15T03:32:49Z,7,9
1317,Robert Martinez,2021-09-18T20:33:37Z,2,17
1555,Elizabeth Clark,2021-04-13T06:35:35Z,9,24
1474,Charles Lee,2021-09-10T02:20:20Z,9,12
752,David Gonzalez,2021-10-21T10:47:19Z,12,9
1570,James Robinson,2021-12-24T16:40:13Z,4,42
223,Charles Martinez,2021-07-02T07:05:47Z,8,29
270,William Wilson,2021-11-21T04:11:27Z,8,31
810,David Anderson,2021-11-01T13:55:34Z,4,34
1036,James Hernandez,2021-04-12T09:53:11Z,2,5
1390,Michael Smith,2021-10-03T09:44:46Z,12,51
1336,Daniel Harris,2021-02-27T17:21:35Z,6,26
572,Elizabeth Thomas,2021-08-21T01:16:42Z,11,44
1932,,2021-02-22T23:22:59Z,8,47
977,James Johnson,2021-11-19T11:37:51Z,4,9
1091,Margaret Taylor,2021-12-08T11:58:25Z,10,2
1682,Karen White,2021-08-11T02:48:55Z,10,35
1974,Joseph Martin,27/07/2021,6,24
1575,Thomas Johnson,2021-10-13T04:10:30Z,2,20
1531,Joseph White,2021-10-27T10:12:11Z,2,34
1311,Lisa White,2021-12-17T21:39:45Z,12,23
1587,Daniel Wilson,2021-11-17T20:19:20Z,12,21
1778,David Rodriguez,2021-02-24T23:24:18Z,12,19
1272,Matthew Hernandez,2021-07-24T01:02:13Z,4,12
1910,Daniel Clark,2019-10-31T22:12:09Z,5,23
659,Margaret Taylor,2021-06-21T14:15:08Z,2,44
657,Mary Clark,2021-08-01T16:27:39Z,9,13
284,Jessica Johnson,2021-02-19T00:42:01Z,9,38
453,Anthony Moore,2021-11-21T07:52:51Z,12,34
1305,Richard Sanchez,2021-11-06T17:05:43Z,9,19
2095,Jessica Lopez,2021-09-29T03:04:13Z,10,0
1295,Charles Clark,2021-03-30T09:48:39Z,5,27
1554,Jennifer Williams,2021-07-26T06:33:34Z,3,29
1868,Richard Gonzalez,2019-05-10T04:34:00Z,1,17
1391,James Jackson,2021-07-22T22:25:54Z,2,34
743,Betty Hernandez,2021-08-08T18:09:57Z,2,34
1358,Michael Jones,2021-03-14T14:05:13Z,3,24
715,Margaret Davis,2021-10-15T20:58:22Z,3,2
2025,Sandra Harris,2021-04-18T22:28:08Z,99,2
1244,Charles Jackson,2021-09-17T02:21:22Z,12,27
1988,Matthew Jones,07-27-2021T16:02:08Z,3,14
571,Michael Jackson,2021-05-18T01:13:14Z,1,4
226,Robert Jackson,2021-09-02T10:51:33Z,11,4
149,Susan Davis,2021-03-10T07:22:57Z,12,34
,Barbara Garcia,2021-01-05T23:10:21Z,11,32
1658,John Miller,2021-09-11T09:29:09Z,3,38
1744,Charles Martin,2021-01-12T07:23:37Z,3,13
16,Matthew Williams,2021-01-18T19:06:51Z,11,15
1048,Daniel Martin,2021-07-06T12:59:06Z,4,7
787,Patricia Robinson,2021-08-07T23:28:03Z,4,38
1041,Paul Wilson,2021-03-03T00:18:48Z,1,7
749,Mark Thompson,2021-11-15T19:21:53Z,7,5
4,Charles Wilson,2021-01-13T08:14:09Z,1,6
1423,Michael Anderson,2021-12-28T01:33:39Z,7,37
,Barbara Thomas,2021-09-16T21:52:48Z,10,26
106,Mary Clark,2021-05-24T09:20:32Z,10,36
193,Barbara Williams,2021-07-16T11:53:46Z,11,22
369,Susan Hernandez,2021-11-18T08:06:22Z,8,26
426,Mary Lopez,2021-07-17T00:43:21Z,2,20
1817,Daniel Hernandez,2023-10-04T10:12:40Z,7,26
110,Barbara Harris,2021-08-06T10:29:33Z,7,40
1652,Sarah Rodriguez,2021-03-29T14:34:59Z,3,22
987,William Anderson,2021-12-10T02:06:23Z,3,3
1385,Anthony Gonzalez,2021-05-17T03:03:46Z,10,48
1779,Charles Davis,2021-03-08T12:23:54Z,2,20
1329,Sarah Brown,2021-03-10T06:17:47Z,11,39
1288,Robert Miller,2021-09-18T07:58:34Z,11,50
1113,Patricia Thomas,2021-01-25T19:00:16Z,6,18
1198,Susan Perez,2021-10-10T04:53:14Z,4,31
1560,Mark Gonzalez,2021-03-15T17:42:41Z,9,44
1808,Michael Clark,2019-02-23T22:47:52Z,10,49
1711,Michael Jackson,2021-09-14T02:42:42Z,8,30
1240,Matthew Martinez,2021-09-24T15:40:52Z,6,44
446,Sarah Gonzalez,2021-09-07T21:47:30Z,6,9
1064,Nancy Martin,2021-02-27T06:18:42Z,2,49
154,Susan Clark,2021-12-19T04:29:55Z,9,29
1109,Nancy Taylor,2021-11-17T03:08:01Z,10,26
679,Sandra Lewis,2021-10-09T13:42:46Z,2,3
290,Margaret Hernandez,2021-11-28T00:23:49Z,11,35
507,Susan Martin,2021-11-16T08:46:34Z,3,35
2077,Elizabeth Smith,2021-10-17T02:52:19Z,2,0
1634,Thomas Harris,2021-04-11T10:52:02Z,9,31
812,Lisa Thompson,2021-06-25T17:06:48Z,6,5
,Sarah Wilson,2021-04-23T20:29:19Z,7,13
2037,James Wilson,2021-09-06T02:06:12Z,150,27
717,Lisa Wilson,2021-04-25T15:23:29Z,3,13
244,Lisa Clark,2021-08-10T01:23:39Z,5,29
945,Anthony Ramirez,2021-05-01T15:54:47Z,6,6
1153,Michael Garcia,2021-12-19T04:52:00Z,7,2
701,Sarah White,2021-11-19T02:37:36Z,4,4
36,Thomas Rodriguez,2021-08-03T20:26:20Z,1,44
707,Patricia White,2021-10-20T22:52:19Z,8,16
742,Robert Thomas,2021-11-25T07:02:41Z,7,42
103,William Garcia,2021-10-15T20:46:22Z,8,36
1171,Matthew Robinson,2021-07-06T16:06:45Z,6,16
1223,Michael Anderson,2021-11-17T05:24:05Z,4,46
1124,Barbara Taylor,2021-04-27T14:01:06Z,3,43
748,James Miller,2021-08-16T23:34:23Z,3,49
479,Anthony Martinez,2021-04-03T06:58:02Z,5,8
260,Nancy Ramirez,2021-07-30T17:20:19Z,8,27
1675,Mary Wilson,2021-10-24T22:01:06Z,1,18
1794,Jessica Smith,2021-01-26T09:14:52Z,8,8
969,William Ramirez,2021-02-16T13:40:31Z,2,11
1714,Karen Lee,2021-08-05T12:43:48Z,4,4
638,Betty Martinez,2021-08-09T12:06:16Z,11,49
445,Karen Thompson,2021-12-31T06:48:51Z,2,20
1066,John Johnson,2021-06-14T10:08:24Z,2,44
1759,Joseph Clark,2021-04-28T12:42:14Z,4,34
1978,Lisa Harris,not-a-date,12,14
1545,Sarah Sanchez,2021-02-11T16:57:46Z,3,32
1681,Mark Gonzalez,2021-10-07T16:45:32Z,6,26
1904,Anthony Garcia,2023-01-07T01:41:06Z,8,6
159,Elizabeth Davis,2021-04-16T12:34:06Z,6,21
1605,David Lopez,2021-12-08T16:15:37Z,7,27
1448,Sandra Taylor,2021-04-19T20:16:27Z,7,15
1371,Karen Jones,2021-11-05T14:21:30Z,10,50
398,Nancy Jackson,2021-07-08T23:44:45Z,9,43
278,Sarah Thomas,2021-05-15T00:47:17Z,6,36
1333,Daniel Smith,2021-11-12T14:22:34Z,10,38
415,Thomas Lee,2021-02-14T06:48:19Z,9,33
1799,Betty Martinez,2021-07-26T21:32:54Z,8,26
861,William Ramirez,2021-09-12T17:23:47Z,3,45
452,Robert Martinez,2021-11-24T22:38:34Z,2,33
263,Mary Miller,2021-04-14T17:08:40Z,9,9
224,David Garcia,2021-01-20T22:51:56Z,5,31
300,Jennifer Williams,2021-08-25T16:52:30Z,7,40
160,Paul Moore,2021-02-01T07:02:17Z,3,10
1771,Anthony Perez,2021-10-17T13:04:25Z,5,2
31,Paul Jackson,2021-06-05T02:40:57Z,6,15
23,William Robinson,2021-09-06T13:13:48Z,12,36
1163,Daniel Smith,2021-04-27T22:36:31Z,7,43
71,Robert Robinson,2021-10-20T15:44:22Z,4,11
557,Betty Sanchez,2021-09-24T00:34:38Z,7,20
1133,Karen Williams,2021-07-03T09:24:23Z,4,33
1125,Paul Moore,2021-03-12T08:18:30Z,5,7
1551,Matthew Thomas,2021-03-15T16:50:20Z,10,12
,Patricia Gonzalez,2021-04-21T03:27:00Z,8,39
1535,Patricia Rodriguez,2021-07-06T21:23:05Z,11,20
2081,James Harris,2021-07-08T01:34:57Z,7,0
1696,Paul Miller,2021-12-09T17:56:51Z,8,6
1498,Jennifer Jackson,2021-08-21T01:53:18Z,8,41
261,Mary Miller,2021-07-21T08:12:19Z,6,40
1859,Susan Brown,2019-07-23T23:49:04Z,2,44
975,Sarah White,2021-08-02T15:29:54Z,4,7
294,Linda White,2021-02-05T02:23:47Z,7,7
528,Betty Perez,2021-11-25T08:49:44Z,6,43
1421,Mark Moore,2021-12-22T08:30:06Z,10,23
658,Charles Moore,2021-02-28T04:43:31Z,3,21
1239,Daniel Miller,2021-03-20T00:25:19Z,4,40
35,Robert Gonzalez,2021-05-29T04:56:58Z,10,30
366,Karen Wilson,2021-02-08T12:24:36Z,12,8
1863,Margaret Martin,2019-02-20T10:49:24Z,7,43
1671,Barbara Williams,2021-09-25T05:56:29Z,8,9
482,Karen Moore,2021-01-07T09:11:18Z,11,33
1809,Anthony Jones,2019-09-14T15:51:39Z,3,29
99,Margaret Rodriguez,2021-07-16T06:45:13Z,8,17
1207,Robert Ramirez,2021-07-13T13:56:52Z,8,21
946,Sarah Anderson,2021-01-04T02:16:41Z,6,13
858,Sarah Garcia,2021-05-06T16:40:13Z,12,19
462,Anthony Martinez,2021-10-30T04:38:30Z,7,33
1101,Anthony Miller,2021-11-29T20:51:19Z,4,42
676,Joseph Perez,2021-10-07T06:26:29Z,9,28
2034,Paul Wilson,2021-02-24T04:51:54Z,0,10
934,Barbara Garcia,2021-04-10T01:51:15Z,2,37
1364,Charles Garcia,2021-02-22T07:43:08Z,11,33
52,Anthony White,2021-09-25T22:01:56Z,4,46
891,David Lopez,2021-12-09T03:24:45Z,5,9
1027,Nancy Lee,2021-10-11T05:26:15Z,6,29
1126,Jessica Jones,2021-10-15T17:51:52Z,5,47
955,Michael Taylor,2021-04-03T11:52:58Z,7,32
408,Richard Thompson,2021-09-06T14:33:10Z,7,19
1467,William Moore,2021-11-30T09:49:06Z,10,4
1265,Richard Johnson,2021-06-16T09:58:56Z,5,36
1876,Thomas Thompson,2019-10-27T10:09:12Z,8,31
1795,Barbara Thomas,2021-06-29T03:05:02Z,3,19
320,Jennifer Miller,2021-02-21T07:49:06Z,9,24
556,Elizabeth Lee,2021-04-28T07:43:16Z,8,16
404,Matthew Davis,2021-07-14T06:46:58Z,9,43
991,Susan Miller,2021-09-07T13:57:20Z,9,16
1546,Linda Hernandez,2021-08-05T20:12:11Z,11,49
120,William Ramirez,2021-01-27T23:02:53Z,5,23
790,Betty Martinez,2021-11-19T20:06:28Z,12,5
908,Robert Taylor,2021-12-12T03:30:46Z,1,24
1209,Patricia Gonzalez,2021-06-10T03:16:25Z,1,36
883,Richard Lee,2021-04-29T15:33:09Z,12,45
1699,Robert Brown,2021-10-02T06:30:36Z,8,41
1544,Mary Lopez,2021-09-08T07:52:24Z,3,45
1923,,2021-12-15T21:26:27Z,6,15
967,David Wilson,2021-02-16T21:20:52Z,9,23
27,David Miller,2021-09-12T13:07:52Z,8,26
654,Anthony Davis,2021-09-22T05:14:46Z,10,51
633,Joseph Lee,2021-07-30T23:55:39Z,9,32
347,Betty Jackson,2021-03-21T16:39:16Z,2,49
53,Elizabeth Gonzalez,2021-09-18T20:34:34Z,11,24
1029,Robert Lopez,2021-04-10T16:13:31Z,2,47
222,Margaret Harris,2021-07-10T15:19:15Z,2,1
,Lisa Robinson,2021-12-13T14:01:42Z,3,5
1142,Karen Wilson,2021-09-04T00:31:54Z,7,26
1994,Daniel Sanchez,2021/07/27 16:02:08,8,38
527,Jennifer Lewis,2021-10-05T01:05:21Z,8,6
598,Mary Jackson,2021-09-30T01:19:41Z,2,13
,Charles Jackson,2021-04-17T00:17:26Z,11,26
840,Daniel Thomas,2021-06-08T21:24:30Z,11,32
1089,Thomas Sanchez,2021-03-03T17:43:50Z,2,20
1145,Paul Hernandez,2021-10-21T22:19:55Z,9,13
401,Anthony Jones,2021-10-24T18:29:44Z,5,19
1366,Jennifer Rodriguez,2021-12-25T05:49:40Z,3,34
1644,Paul Hernandez,2021-07-08T05:22:43Z,10,35
1443,John Harris,2021-02-11T10:24:58Z,2,6
607,Daniel Sanchez,2021-09-27T06:08:54Z,5,40
1880,Barbara Moore,2019-11-28T09:43:28Z,6,6
1691,Thomas Lewis,2021-02-25T05:46:09Z,8,42
18,Richard Rodriguez,2021-06-26T02:05:25Z,11,24
470,Sandra Smith,2021-06-11T03:07:10Z,1,26
856,Betty Miller,2021-11-12T22:38:52Z,4,4
499,Mark Moore,2021-07-03T20:24:20Z,5,3
1758,Susan Williams,2021-07-13T00:52:59Z,4,24
1177,Mary Brown,2021-11-12T19:22:19Z,3,3
878,Joseph Anderson,2021-01-01T06:18:00Z,7,13
2079,Linda Martinez,2021-02-18T16:17:32Z,4,0
1606,Sandra Ramirez,2021-02-16T19:31:08Z,4,48
1442,Mark Davis,2021-11-21T19:12:16Z,10,23
1174,Robert Harris,2021-07-18T17:26:22Z,2,47
1179,Susan White,2021-02-15T00:16:34Z,2,49
75,Susan Thompson,2021-10-11T16:48:10Z,9,43
730,Jessica Smith,2021-01-03T13:37:53Z,9,36
2006,David Jackson,2021-02-19T02:49:06Z,,29
56,Charles Moore,2021-03-31T08:49:29Z,10,15
1719,Jennifer Garcia,2021-09-19T00:20:14Z,5,40
245,Patricia Anderson,2021-09-25T10:56:38Z,5,45
915,Susan Wilson,2021-09-30T13:20:57Z,7,6
2065,Barbara Clark,2021-02-25T19:32:39Z,1,
1267,James Hernandez,2021-07-01T02:31:23Z,12,10
2092,Michael Thompson,2021-03-16T09:21:08Z,5,0
,Susan Brown,2021-10-23T16:51:01Z,6,8
772,Charles Taylor,2021-03-07T20:37:38Z,11,25
1971,Nancy Williams,not-a-date,6,48
1386,Sandra Harris,2021-11-22T03:10:52Z,12,37
1410,Karen Lee,2021-07-22T08:07:25Z,5,46
2039,Jennifer Clark,2021-05-29T06:20:59Z,150,36
65,Nancy Lee,2021-09-08T22:49:54Z,2,4
319,Sandra Martinez,2021-05-07T21:14:34Z,12,27
1488,Jennifer Gonzalez,2021-02-10T00:06:59Z,2,5
1717,Charles Clark,2021-08-23T07:01:41Z,5,22
202,David Smith,2021-07-11T23:16:13Z,6,12
256,Susan Thompson,2021-07-12T10:06:21Z,5,43
2042,James Sanchez,2021-01-01T22:48:16Z,99,17
688,Linda Martinez,2021-12-07T07:19:10Z,3,43
1774,Sarah Hernandez,2021-10-28T02:53:52Z,8,43
1615,Jessica Jackson,2021-10-17T10:50:22Z,1,36
1425,Patricia Moore,2021-01-29T02:41:10Z,9,19
1119,James Lee,2021-07-13T03:51:02Z,5,17
200,William Lewis,2021-06-25T01:46:45Z,4,49
402,David Brown,2021-01-04T00:02:52Z,8,48
1009,Thomas Thomas,2021-01-01T06:22:14Z,6,40
2084,Mary Williams,2021-04-28T03:32:33Z,11,0
1741,Betty Williams,2021-04-30T12:38:53Z,5,33
720,William Harris,2021-11-16T01:47:30Z,8,47
1993,David Wilson,not-a-date,6,42
1670,Karen Davis,2021-03-31T16:15:33Z,11,2
1999,Barbara Martinez,2021-10-26T22:35:15Z,,4
1253,Margaret Perez,2021-10-15T04:34:10Z,9,15
1369,Robert Miller,2021-06-24T10:52:43Z,10,31
2011,Elizabeth Brown,2021-12-24T11:03:59Z,,2
371,David Perez,2021-04-09T23:44:42Z,6,10
508,Elizabeth Hernandez,2021-02-09T20:16:54Z,2,21
478,Lisa Martin,2021-07-24T23:11:13Z,7,8
531,Matthew Robinson,2021-09-29T22:30:59Z,11,12
1204,David Rodriguez,2021-01-20T13:18:09Z,9,15
628,Margaret Robinson,2021-01-15T11:38:41Z,3,27
1991,Susan Anderson,27/07/2021,5,13
1896,Karen Sanchez,2023-08-28T02:04:25Z,4,5
1187,Matthew White,2021-01-23T18:37:26Z,3,7
1151,Thomas Hernandez,2021-06-18T10:03:10Z,11,9
1112,Karen Martin,2021-04-20T18:44:22Z,5,44
635,William Miller,2021-11-11T02:41:30Z,2,22
1969,William Thompson,,10,35
1393,Betty Hernandez,2021-06-08T18:42:44Z,6,7
1591,Lisa Johnson,2021-04-21T11:33:57Z,10,2
777,Daniel Thomas,2021-08-19T14:40:36Z,10,13
709,Sandra Davis,2021-08-03T09:45:07Z,6,50
281,Richard Davis,2021-11-29T10:37:09Z,7,3
1825,Richard Lopez,2023-03-29T16:03:28Z,3,28
1356,Thomas Lewis,2021-02-23T23:16:42Z,8,11
1499,Lisa Lee,2021-12-07T16:58:12Z,10,28
1737,Patricia White,2021-11-26T08:35:00Z,4,40
826,Daniel Hernandez,2021-08-20T20:10:17Z,7,40
1892,Daniel Smith,2023-07-03T00:05:07Z,10,3
67,Michael Miller,2021-07-28T06:32:43Z,8,9
1350,Charles Moore,2021-08-10T10:16:40Z,3,25
1168,Karen Miller,2021-10-30T03:06:09Z,5,34
199,William Hernandez,2021-11-27T18:32:31Z,4,6
566,Linda Ramirez,2021-12-17T10:08:47Z,3,21
1094,Matthew Miller,2021-04-17T09:39:19Z,6,30
1828,Mary Jackson,2019-07-07T16:23:07Z,12,24
2007,William Lopez,2021-03-13T15:37:58Z,,14
2066,John Taylor,2021-04-20T07:00:13Z,6,
827,Richard Jackson,2021-02-14T08:43:12Z,6,23
1395,William Ramirez,2021-07-28T04:51:35Z,7,37
406,Mary Wilson,2021-01-08T06:41:01Z,8,5
2020,Jessica Lewis,2021-01-16T13:34:52Z,,9
8,William Sanchez,2021-12-04T14:27:58Z,1,49
215,Sarah Harris,2021-09-26T00:47:26Z,3,13
926,James Garcia,2021-07-12T18:54:13Z,6,34
1297,David Smith,2021-06-01T06:25:13Z,11,8
1152,David Lewis,2021-07-10T08:47:47Z,6,49
372,Nancy Robinson,2021-07-04T04:29:49Z,2,6
506,Betty Williams,2021-10-10T08:53:20Z,7,6
713,Jessica Harris,2021-11-23T02:51:42Z,6,14
605,Sandra Moore,2021-05-13T22:43:08Z,9,23
1569,Barbara Davis,2021-08-24T07:53:49Z,12,5
1293,David Johnson,2021-02-03T23:45:14Z,2,4
1365,Mary Lewis,2021-08-11T05:56:11Z,3,4
1900,Charles Garcia,2019-05-11T07:07:17Z,2,8
1822,Nancy Wilson,2023-02-22T17:31:18Z,2,9
1074,Charles Jackson,2021-08-15T06:56:38Z,2,7
1026,David Garcia,2021-09-05T01:41:25Z,2,46
631,Paul Johnson,2021-01-04T14:22:34Z,5,37
1919,Betty Smith,2020-07-07T09:05:59Z,9,8
2005,Jennifer Davis,2021-02-15T09:44:54Z,,3
1946,Jessica Clark,,8,18
474,John Jones,2021-01-15T21:00:41Z,5,31
1192,Sandra Thomas,2021-02-13T20:39:12Z,7,29
1936,,2021-08-09T20:20:59Z,1,18
182,Michael Clark,2021-01-08T21:57:19Z,10,10
836,Jennifer Thomas,2021-04-23T04:08:06Z,3,12
367,Margaret Lee,2021-09-10T18:58:58Z,9,47
1323,Charles Jones,2021-08-08T15:19:36Z,10,24
1251,Elizabeth Miller,2021-10-20T16:00:16Z,9,3
362,Paul Williams,2021-05-06T02:17:59Z,10,10
1826,Charles Thomas,2019-11-25T20:47:03Z,12,16
456,Mark Thompson,2021-10-27T11:09:09Z,10,11
32,John Taylor,2021-07-11T15:54:03Z,2,49
625,Daniel Miller,2021-10-21T13:36:06Z,5,21
953,David Smith,2021-10-22T17:43:56Z,11,25
1184,Richard Gonzalez,2021-06-27T07:14:56Z,5,25
1412,Jessica Anderson,2021-01-05T03:49:41Z,4,43
403,Susan Garcia,2021-02-20T04:05:52Z,7,35
1715,Jennifer Jones,2021-01-22T09:13:59Z,11,23
1650,Elizabeth Davis,2021-07-14T16:00:08Z,5,4
1600,Robert White,2021-05-07T02:20:57Z,8,12
178,Anthony Clark,2021-06-13T17:16:08Z,5,6
10,William Jones,2021-03-25T14:52:10Z,6,7
5,Michael Davis,2021-07-16T06:15:09Z,10,2
1665,James Harris,2021-05-04T18:22:56Z,7,27
1057,Patricia Williams,2021-09-17T11:31:37Z,6,35
1965,Joseph Thompson,,11,1
137,Charles Martin,2021-09-12T06:17:55Z,6,30
1054,Jennifer Anderson,2021-01-18T07:51:35Z,5,29
1067,Susan Miller,2021-11-16T10:51:08Z,11,10
2004,Paul Perez,2021-11-05T12:52:42Z,,10
1476,Thomas Thomas,2021-10-28T21:08:27Z,12,29
1135,Elizabeth Wilson,2021-01-21T23:53:38Z,3,9
350,William Ramirez,2021-02-26T04:35:22Z,3,35
330,Linda Thomas,2021-01-10T17:14:47Z,10,36
1972,Sandra Johnson,not-a-date,11,24
2074,Sandra Smith,2021-07-06T05:26:01Z,6,999
1086,Lisa Wilson,2021-08-23T22:48:51Z,11,6
268,Joseph Brown,2021-09-09T13:05:30Z,3,32
1274,Susan Moore,2021-07-28T13:32:16Z,7,6
923,Joseph Martin,2021-08-25T10:43:45Z,1,20
727,Matthew Jones,2021-01-04T13:12:16Z,4,33
1667,William Jones,2021-10-30T13:48:42Z,4,7
1120,Sandra Wilson,2021-06-07T03:08:06Z,7,48
443,Nancy Jones,2021-12-23T00:41:46Z,6,20
287,John Wilson,2021-12-05T05:41:01Z,11,10
570,Robert Gonzalez,2021-07-16T07:05:01Z,8,16
1749,Betty Clark,2021-06-10T18:19:19Z,12,4
874,Sarah Jackson,2021-02-20T17:13:35Z,10,32
1832,Nancy Lee,2019-07-29T09:40:56Z,10,20
877,Mark Anderson,2021-01-07T07:45:11Z,2,11
1875,Matthew Hernandez,2020-12-17T07:38:47Z,7,37
1755,Charles Martin,2021-06-01T07:01:15Z,3,39
577,Barbara Moore,2021-04-23T01:57:46Z,2,25
784,David Martinez,2021-10-13T09:31:31Z,12,41
166,Jessica Smith,2021-05-17T14:37:46Z,5,49
779,Richard Hernandez,2021-11-23T20:24:19Z,10,25
289,Karen Thompson,2021-06-04T08:48:47Z,11,6
1388,Anthony Davis,2021-12-20T10:36:37Z,2,19
600,Susan Thompson,2021-03-21T04:24:29Z,7,33
917,William Williams,2021-05-01T08:32:29Z,2,33
648,Thomas Robinson,2021-12-14T15:06:28Z,12,50
360,Jessica Ramirez,2021-06-05T23:20:38Z,7,44
390,Michael Gonzalez,2021-06-13T01:07:20Z,8,22
1257,Susan Sanchez,2021-09-24T02:02:57Z,6,36
613,Richard Lewis,2021-06-03T05:18:32Z,6,50
1857,Thomas Hernandez,2020-09-20T04:47:27Z,12,12
494,Jennifer Clark,2021-10-30T14:08:07Z,11,30
62,Linda Sanchez,2021-07-03T16:25:38Z,7,13
1,Daniel Brown,2021-01-10T17:07:01Z,12,18
1332,Lisa Williams,2021-12-13T11:01:22Z,1,33
669,John Harris,2021-09-07T03:26:46Z,12,42
1784,Paul Jackson,2021-09-02T11:05:31Z,12,45
1370,Margaret Thomas,2021-03-08T05:47:51Z,4,27
1692,Joseph Williams,2021-10-08T15:33:22Z,9,8
2,Linda Davis,2021-02-24T04:35:15Z,12,7
1188,Susan Robinson,2021-08-18T10:11:30Z,8,37
1982,Joseph Thomas,not-a-date,9,8
2036,Sandra Jackson,2021-10-21T15:29:37Z,200,6
1459,Barbara Lopez,2021-11-28T18:53:46Z,7,18
2089,Barbara Garcia,2021-11-29T02:27:52Z,9,500
789,Lisa Anderson,2021-10-03T02:27:34Z,4,29
1921,,2021-08-14T03:46:17Z,6,27
1878,James Gonzalez,2020-09-24T16:22:51Z,8,8
1933,,2021-03-17T09:39:18Z,11,23
1440,Lisa Miller,2021-04-02T05:03:59Z,12,16
1123,Sarah Lee,2021-11-01T19:46:14Z,8,43
513,Mary Williams,2021-09-18T15:53:14Z,11,26
851,Margaret Johnson,2021-06-24T15:48:33Z,5,23
1886,Jessica Gonzalez,2020-01-25T11:08:01Z,9,42
954,Margaret White,2021-10-10T10:08:07Z,5,7
719,Jessica Moore,2021-09-12T05:23:18Z,11,22
1038,Lisa Williams,2021-08-01T10:50:26Z,2,22
312,Jessica Clark,2021-12-18T03:20:17Z,5,50
129,Barbara Wilson,2021-01-28T04:12:11Z,11,22
2043,Elizabeth Lee,2021-11-20T23:42:32Z,200,8
1934,,2021-04-15T17:44:06Z,4,22
253,Charles Wilson,2021-09-04T12:37:20Z,8,6
1850,Richard Perez,2020-10-01T00:44:29Z,7,31
1143,Susan Thomas,2021-05-29T20:46:04Z,1,3
1908,Susan Davis,2023-12-31T07:37:44Z,3,40
568,Anthony Garcia,2021-07-13T12:10:17Z,9,30
724,Daniel Johnson,2021-07-23T11:30:57Z,1,5
792,Jessica Jones,2021-09-03T23:07:11Z,5,16
993,Betty Thompson,2021-05-20T11:10:02Z,8,35
1773,David Miller,2021-03-16T18:39:19Z,5,18
1458,Susan Miller,2021-06-12T18:13:45Z,12,49
30,Sarah Rodriguez,2021-10-18T02:40:24Z,10,28
1246,Paul Ramirez,2021-06-14T00:55:34Z,1,34
68,Susan Garcia,2021-04-19T04:13:44Z,8,16
1593,Elizabeth Davis,2021-03-25T10:17:37Z,6,2
567,Sandra Jackson,2021-10-08T01:24:14Z,6,13
1998,Betty Rodriguez,2021-03-30T01:45:39Z,,31
326,Robert Sanchez,2021-06-03T05:42:05Z,1,17
63,Patricia Brown,2021-09-13T22:09:51Z,7,23
276,Elizabeth White,2021-04-26T22:44:31Z,10,38
1760,Elizabeth Garcia,2021-02-13T14:04:16Z,6,51
,Joseph Brown,2021-02-17T10:53:38Z,5,32
1102,Linda Perez,2021-03-22T06:52:20Z,5,42
1782,Mary Brown,2021-05-29T23:24:28Z,1,6
1740,Daniel Miller,2021-09-25T23:25:30Z,5,17
1596,Patricia Johnson,2021-06-28T18:57:27Z,6,10
1985,Betty Perez,27/07/2021,4,30
1373,Jennifer White,2021-09-24T06:10:22Z,6,30
246,Richard Rodriguez,2021-07-14T08:44:19Z,9,32
208,Matthew Thomas,2021-06-24T01:17:22Z,1,6
1430,Joseph Perez,2021-06-28T22:13:32Z,10,2
1598,Linda Rodriguez,2021-11-11T23:45:35Z,5,6
385,Mark Thompson,2021-04-14T20:47:36Z,1,12
1306,Daniel Jones,2021-04-26T18:05:16Z,11,51
1819,John Miller,2023-08-04T16:54:15Z,7,24
423,Daniel Martin,2021-05-06T12:31:08Z,11,21
1956,Sarah Harris,,1,45
1033,Patricia Clark,2021-07-06T05:09:49Z,10,42
1360,Linda Wilson,2021-11-12T00:40:36Z,6,47
400,Mary Smith,2021-03-21T09:21:41Z,5,14
1158,Anthony Moore,2021-08-31T00:02:13Z,1,39
1419,Thomas Smith,2021-10-14T04:38:37Z,12,5
1463,Margaret Gonzalez,2021-03-18T03:26:29Z,3,48
1269,Mary Harris,2021-12-29T02:25:43Z,11,40
186,Lisa Thompson,2021-02-14T11:31:25Z,3,20
972,Robert Thompson,2021-04-07T09:34:00Z,6,26
630,Betty Thomas,2021-03-14T08:33:00Z,12,19
1602,Charles Clark,2021-12-19T11:57:49Z,2,39
1071,Thomas Anderson,2021-12-23T04:34:06Z,1,51
1178,Margaret Martinez,2021-05-20T21:26:38Z,11,21
1452,Jennifer Anderson,2021-02-16T17:54:45Z,12,34
1556,Joseph Smith,2021-10-29T08:04:44Z,11,33
1436,Lisa Clark,2021-05-13T19:36:16Z,2,36
842,Jennifer Williams,2021-08-08T13:53:22Z,1,51
1884,Jessica Williams,2022-12-10T18:47:38Z,11,29
1083,Elizabeth Martinez,2021-04-19T21:01:12Z,8,45
2060,Anthony Brown,2021-08-21T12:52:15Z,3,
293,Robert Davis,2021-09-03T02:50:49Z,11,19
1043,Sarah White,2021-12-26T10:58:16Z,12,35
807,Thomas Jones,2021-05-14T23:19:44Z,1,31
1748,Paul Ramirez,2021-07-28T12:54:00Z,6,30
118,Elizabeth Clark,2021-11-05T21:09:26Z,4,15
1532,Nancy Miller,2021-07-03T15:03:12Z,7,44
264,Sandra Martinez,2021-06-20T03:32:16Z,12,32
392,Anthony Jackson,2021-08-20T13:12:30Z,2,4
1148,John Brown,2021-05-29T22:56:58Z,9,38
1492,Robert Lee,2021-12-28T19:02:39Z,7,20
25,Mark Johnson,2021-11-09T15:34:14Z,6,26
2057,Mary Martinez,2021-04-24T06:30:23Z,9,
793,William Perez,2021-03-01T20:43:08Z,12,28
448,Sandra Taylor,2021-02-06T07:02:41Z,11,43
1766,John Miller,2021-10-09T09:29:16Z,1,30
24,Linda Perez,2021-05-06T22:32:02Z,1,15
504,David Garcia,2021-07-12T16:56:57Z,12,32
831,Linda Martinez,2021-02-15T10:02:34Z,3,24
1411,Karen Johnson,2021-10-28T10:33:12Z,3,41
412,Susan Jackson,2021-06-05T12:27:46Z,9,6
1697,William Hernandez,2021-09-26T15:16:25Z,11,46
1157,Mary Gonzalez,2021-12-07T09:59:00Z,11,17
1780,Karen Lewis,2021-05-12T13:16:31Z,9,29
1846,Anthony Gonzalez,2023-04-03T09:49:51Z,11,29
455,Karen Gonzalez,2021-03-01T21:44:23Z,3,12
594,Betty Harris,2021-08-13T15:46:17Z,10,15
723,Lisa Moore,2021-07-09T15:26:16Z,3,35
1105,Karen Sanchez,2021-01-04T06:53:15Z,4,17
1218,Barbara Clark,2021-09-04T02:09:00Z,5,36
282,David White,2021-07-03T16:27:29Z,12,25
797,Sarah Johnson,2021-11-04T02:03:11Z,6,45
1353,Richard Robinson,2021-03-28T13:34:17Z,9,26
1777,Patricia Miller,2021-07-30T16:44:02Z,6,36
1643,Linda Gonzalez,2021-07-17T11:56:21Z,12,7
904,Thomas Martin,2021-07-17T21:05:40Z,4,48
20,William Thompson,2021-12-30T18:15:12Z,11,42
1947,James White,,7,48
956,Mary Jones,2021-10-04T09:04:54Z,5,6
769,Karen Martin,2021-11-01T15:29:55Z,6,25
1308,Sarah Ramirez,2021-08-04T13:37:30Z,3,8
1150,Elizabeth Anderson,2021-10-10T15:53:06Z,9,39
1378,Jennifer Thomas,2021-12-17T03:35:51Z,10,39
1250,John Clark,2021-01-25T02:11:16Z,12,51
776,Robert Lopez,2021-04-08T18:00:41Z,4,47
591,Patricia Wilson,2021-08-15T16:29:53Z,5,51
555,Daniel Smith,2021-07-13T10:03:04Z,11,35
1992,Robert Smith,2021-07-27,9,42
1770,Joseph Lewis,2021-01-18T22:03:13Z,2,34
88,Sandra Harris,2021-12-30T09:40:32Z,2,1
911,Anthony Thomas,2021-10-27T04:20:28Z,2,2
660,Michael Thompson,2021-08-15T11:19:49Z,8,6
1019,Barbara Davis,2021-09-16T11:12:17Z,10,12
2022,Richard Martin,2021-11-23T13:32:27Z,99,29
575,Barbara Harris,2021-06-06T14:36:01Z,6,3
317,Daniel Johnson,2021-04-30T23:27:47Z,8,3
1068,Mark Martin,2021-04-11T03:40:30Z,6,47
791,Mark Ramirez,2021-11-06T00:03:33Z,7,44
816,Thomas Garcia,2021-08-03T08:10:36Z,3,22
646,Matthew Davis,2021-01-25T03:02:26Z,11,8
1481,Jennifer Hernandez,2021-03-30T15:08:43Z,6,21
26,William Williams,2021-03-23T22:30:09Z,10,46
2094,Patricia Robinson,2021-03-25T02:46:04Z,9,500
170,James Gonzalez,2021-05-11T12:57:15Z,11,44
2067,Anthony Thomas,2021-06-10T00:04:01Z,6,
1428,Matthew Anderson,2021-05-27T10:38:34Z,10,31
285,David Ramirez,2021-02-08T23:27:57Z,8,7
1608,Anthony Lee,2021-05-29T13:02:12Z,1,20
454,Mary Perez,2021-05-11T18:52:17Z,10,9
687,David Jackson,2021-08-21T04:59:47Z,11,21
47,Mary Davis,2021-12-07T23:38:33Z,10,6
554,Michael Harris,2021-08-11T04:42:18Z,7,40
1486,John White,2021-04-02T02:53:02Z,11,17
2041,Elizabeth Thomas,2021-08-06T04:52:38Z,200,15
1235,Richard Hernandez,2021-04-25T05:53:46Z,8,9
397,Barbara Wilson,2021-02-13T01:34:03Z,5,44
420,Jennifer Harris,2021-09-01T20:54:24Z,8,30
639,Michael Garcia,2021-08-26T06:30:31Z,11,26
681,Sandra Lewis,2021-12-12T06:27:57Z,1,16
1735,Linda Thompson,2021-04-23T19:32:41Z,4,1
820,Paul Miller,2021-06-24T14:20:34Z,10,28
92,Barbara Martinez,2021-03-03T06:18:25Z,8,35
1381,John Lewis,2021-08-23T08:47:29Z,9,1
746,Sandra Williams,2021-09-23T19:20:17Z,5,35
153,Paul Anderson,2021-08-26T22:20:00Z,12,33
1811,Nancy Lewis,2020-05-02T22:54:16Z,5,37
1220,Paul Garcia,2021-07-11T05:42:25Z,3,46
461,Barbara Perez,2021-08-10T12:41:38Z,8,30
780,Betty Ramirez,2021-05-08T23:33:05Z,8,22
472,Barbara Davis,2021-01-11T22:43:37Z,6,7
1562,Elizabeth Hernandez,2021-06-09T03:39:18Z,11,21
517,Linda Harris,2021-09-08T13:21:13Z,6,24
142,Linda Perez,2021-05-01T13:19:08Z,4,13
1527,Sarah Thomas,2021-03-12T12:40:10Z,4,17
1693,Jennifer Harris,2021-08-16T08:46:05Z,12,35
1262,Karen Miller,2021-10-29T10:12:43Z,12,13
2021,Nancy Moore,2021-02-15T09:21:51Z,150,2
1172,James Smith,2021-09-18T20:04:28Z,2,8
1195,Anthony White,2021-08-12T22:45:29Z,12,37
487,Sarah Taylor,2021-11-02T09:53:39Z,9,36
981,Robert Miller,2021-12-17T11:52:23Z,11,29
801,Mary Jackson,2021-09-08T12:07:35Z,11,42
1713,James Davis,2021-12-09T14:24:01Z,9,18
464,John Ramirez,2021-04-08T02:11:55Z,1,42
1002,Sandra Clark,2021-11-25T06:01:47Z,3,12
1338,Margaret Martinez,2021-02-21T23:51:49Z,8,33
985,James Gonzalez,2021-09-23T08:00:21Z,7,12
1905,James Garcia,2019-12-26T16:13:19Z,2,46
428,Mark Martinez,2021-01-30T19:11:05Z,11,6
2028,Jessica Hernandez,2021-08-23T05:58:09Z,0,43
1712,Susan Anderson,2021-01-31T20:06:26Z,10,39
1866,Sandra Rodriguez,2023-10-26T18:56:48Z,7,45
561,David White,2021-12-01T07:01:35Z,6,26
1065,Joseph Garcia,2021-03-06T22:05:19Z,4,13
3,Nancy White,2021-12-13T11:42:58Z,9,6
501,Margaret Harris,2021-01-19T13:33:57Z,11,22
1566,Michael Brown,2021-01-13T08:33:26Z,10,42
1081,Linda Johnson,2021-10-17T14:53:31Z,8,18
188,Nancy Robinson,2021-05-26T18:06:51Z,7,46
1312,Michael Wilson,2021-12-18T17:03:54Z,11,33
1818,Susan Moore,2023-03-24T00:40:35Z,11,12
895,Barbara White,2021-03-24T17:49:14Z,11,48
50,Jessica Moore,2021-03-06T03:05:41Z,5,34
432,Michael Hernandez,2021-08-23T23:03:47Z,8,33
1547,Barbara Sanchez,2021-12-13T08:08:26Z,8,47
1222,Karen Miller,2021-03-14T20:01:52Z,2,26
146,Matthew Thompson,2021-05-30T02:56:19Z,8,26
147,Linda Jones,2021-09-12T18:54:13Z,12,1
811,Jessica Lopez,2021-07-04T22:09:23Z,2,29
1255,Thomas Sanchez,2021-11-06T11:01:40Z,12,19
498,David Robinson,2021-05-01T10:07:00Z,9,26
302,Linda Anderson,2021-09-05T17:42:07Z,5,30
1967,Paul Thompson,,6,34
1282,Patricia Gonzalez,2021-04-10T15:35:50Z,9,47
1264,Jennifer Garcia,2021-10-13T11:26:14Z,9,8
381,Margaret Moore,2021-05-23T17:55:02Z,2,49
1190,Anthony Lopez,2021-08-26T10:16:24Z,1,44
1315,Nancy Sanchez,2021-08-09T07:33:02Z,1,49
536,Karen Lewis,2021-02-03T11:35:11Z,2,20
2032,Lisa Lewis,2021-06-22T12:26:01Z,200,29
2090,Karen Davis,2021-07-16T02:05:42Z,10,0
586,David Robinson,2021-08-27T02:12:32Z,6,11
2083,Charles Johnson,2021-07-02T04:09:51Z,2,999
124,Susan Lopez,2021-10-10T22:31:55Z,6,28
113,Jennifer White,2021-12-26T00:50:46Z,6,51
419,Karen Jones,2021-10-23T05:43:12Z,11,5
1346,Nancy Miller,2021-07-21T03:02:24Z,6,25
1756,Patricia Ramirez,2021-10-31T19:58:26Z,5,46
122,David Smith,2021-02-14T19:03:46Z,5,12
1926,,2021-10-14T12:18:30Z,7,13
947,Elizabeth Jackson,2021-11-01T16:08:14Z,5,48
2052,James Ramirez,2021-04-11T19:03:42Z,3,
765,Joseph Lopez,2021-10-23T16:15:49Z,5,7
1891,Sandra Williams,2020-01-15T07:43:29Z,12,10
1734,Daniel Thomas,2021-07-11T06:28:27Z,3,40
467,Robert Harris,2021-03-04T06:13:09Z,5,29
1276,David Hernandez,2021-05-21T02:52:46Z,5,14
1963,John Ramirez,,12,26
,Joseph Brown,2021-07-21T20:12:43Z,3,32
542,Charles Garcia,2021-10-26T04:14:36Z,3,28
1585,Sandra Lopez,2021-12-17T11:46:10Z,6,36
1882,Sarah Johnson,2020-05-29T04:39:53Z,11,13
722,Lisa Sanchez,2021-05-17T18:31:11Z,3,9
133,Sarah Jones,2021-03-16T12:04:45Z,7,43
1623,Nancy Wilson,2021-06-14T11:41:04Z,6,23
1355,Betty Thomas,2021-12-11T13:02:30Z,10,1
1534,Lisa Johnson,2021-10-17T05:20:10Z,9,34
1627,John Anderson,2021-01-18T10:17:20Z,4,13
518,Richard Jackson,2021-01-13T13:51:11Z,10,10
,Joseph Perez,2021-02-11T16:20:12Z,3,23
1418,Nancy Gonzalez,2021-06-07T11:04:36Z,10,13
844,Linda Moore,2021-04-23T02:36:08Z,3,50
1382,Paul Harris,2021-09-21T12:37:53Z,11,28
750,Elizabeth Garcia,2021-08-08T00:28:17Z,4,37
502,William Brown,2021-11-07T10:24:40Z,6,28
706,Sandra Smith,2021-03-24T06:11:29Z,4,48
451,Jessica Miller,2021-03-29T23:32:03Z,3,10
434,Matthew Williams,2021-07-15T22:44:15Z,11,12
652,Barbara Wilson,2021-09-30T14:33:42Z,9,31
511,Barbara Anderson,2021-01-17T10:46:43Z,12,23
1114,Daniel Hernandez,2021-12-01T13:41:01Z,5,17
1709,Joseph Thomas,2021-11-29T05:00:32Z,8,35
1245,Nancy White,2021-12-14T03:26:05Z,9,19
1045,Patricia Johnson,2021-06-02T14:06:50Z,10,36
1099,Lisa Clark,2021-09-25T12:33:08Z,2,19
1277,Anthony Martin,2021-07-26T00:36:29Z,8,36
1053,Jennifer Lopez,2021-12-10T21:23:24Z,7,24
603,Michael Moore,2021-05-07T05:40:52Z,11,31
1225,Sandra Lee,2021-11-22T05:45:03Z,11,38
539,John Hernandez,2021-09-07T11:01:46Z,2,29
694,Susan Jones,2021-04-27T11:09:48Z,7,12
379,Charles Taylor,2021-03-24T14:52:09Z,3,43
80,Mary Taylor,2021-02-01T02:41:34Z,3,5
457,Lisa Anderson,2021-01-17T23:14:34Z,7,24
220,Sarah Jones,2021-04-17T12:46:00Z,1,4
1806,Karen Brown,2019-09-24T05:24:14Z,10,50
134,Richard Perez,2021-10-18T13:07:10Z,3,40
910,Susan Lopez,2021-08-01T04:24:32Z,11,12
1538,David Smith,2021-03-06T23:54:41Z,5,38
64,Susan Wilson,2021-07-01T08:59:07Z,12,4
95,Sandra Perez,2021-02-10T05:29:46Z,3,17
1465,Susan Thomas,2021-02-22T05:22:00Z,11,34
2091,Patricia Clark,2021-08-13T12:35:47Z,1,500
1636,Nancy Smith,2021-05-27T06:13:42Z,10,43
436,Thomas Taylor,2021-08-25T19:47:54Z,3,24
729,Nancy Robinson,2021-08-28T10:22:36Z,8,43
151,Joseph Jones,2021-11-08T05:44:38Z,8,43
101,Daniel Wilson,2021-11-19T02:05:04Z,5,3
466,Matthew Ramirez,2021-07-20T08:37:26Z,2,19
1438,Michael Lewis,2021-08-11T19:23:21Z,5,12
798,Paul Sanchez,2021-07-28T12:19:35Z,10,41
843,Anthony Davis,2021-04-24T10:28:31Z,1,18
198,Jessica Anderson,2021-06-19T03:50:54Z,12,38
597,Mark Gonzalez,2021-02-27T09:22:09Z,11,16
1973,Paul Johnson,27/07/2021,7,24
336,Richard Anderson,2021-05-25T02:04:40Z,11,48
108,Barbara Lewis,2021-12-29T09:00:38Z,1,23
2075,Matthew Lopez,2021-02-23T23:42:15Z,8,500
756,Anthony Martin,2021-08-20T07:28:30Z,7,50
1843,Nancy Anderson,2020-05-23T14:28:35Z,3,17
1479,Betty Robinson,2021-05-12T00:41:13Z,7,41
2018,Betty Jackson,2021-10-10T22:31:12Z,,29
144,Karen Ramirez,2021-10-26T10:50:23Z,2,30
2013,John Anderson,2021-12-27T07:49:40Z,,21
1011,Jennifer Robinson,2021-11-08T15:08:16Z,6,4
733,Mark Thompson,2021-09-19T18:26:32Z,7,12
835,Sandra Lee,2021-12-28T10:42:19Z,3,36
804,Lisa Taylor,2021-08-05T16:52:32Z,10,45
683,Joseph Martin,2021-09-18T23:42:51Z,12,4
292,Jessica Ramirez,2021-07-30T02:38:05Z,1,40
307,Richard Ramirez,2021-07-07T15:49:32Z,2,16
1787,Robert Robinson,2021-10-21T12:02:04Z,8,37
1193,Mary Williams,2021-04-12T14:24:31Z,11,21
1960,Elizabeth Garcia,,12,30
1201,Mary Smith,2021-09-07T20:54:38Z,3,33
1887,Jessica Moore,2022-11-20T23:46:34Z,8,2
1540,Mary Jackson,2021-11-01T06:31:06Z,12,31
1022,Charles Gonzalez,2021-11-27T09:37:46Z,10,3
2063,William Perez,2021-09-29T01:31:43Z,12,
916,Daniel Moore,2021-07-28T19:18:40Z,10,10
1552,Sarah Lopez,2021-05-06T16:55:27Z,12,30
1397,Anthony Miller,2021-06-10T11:33:56Z,9,51
1212,Sarah Miller,2021-09-12T05:16:36Z,11,30
1024,Daniel Jackson,2021-02-10T10:22:39Z,8,10
1379,Mary Lewis,2021-11-01T10:10:53Z,9,33
1772,Charles Harris,2021-05-02T05:22:57Z,11,14
1516,Margaret Williams,2021-03-12T20:09:29Z,3,19
1140,Joseph Rodriguez,2021-03-23T07:35:06Z,3,37
6,Sarah Miller,2021-10-06T01:47:11Z,11,45
1416,Mary Lopez,2021-04-03T22:02:00Z,11,1
587,Richard Martin,2021-10-15T02:57:21Z,5,38
1610,John Hernandez,2021-07-15T02:43:20Z,12,15
1918,Lisa Johnson,2019-12-26T04:19:57Z,9,12
128,Lisa White,2021-10-14T05:41:21Z,11,13
1473,Margaret Perez,2021-08-24T04:22:39Z,4,37
667,Mary Robinson,2021-12-14T06:43:12Z,2,31
775,William Wilson,2021-04-27T09:53:36Z,8,51
49,Sarah Harris,2021-02-18T20:10:22Z,3,43
127,James Taylor,2021-12-26T10:59:08Z,9,44
363,Robert Jones,2021-04-17T19:20:05Z,10,41
1530,Joseph Davis,2021-10-14T11:06:26Z,1,13
1130,Betty Lewis,2021-05-09T16:05:58Z,6,17
266,Matthew Garcia,2021-05-01T16:24:04Z,9,1
764,Barbara Brown,2021-02-05T13:01:56Z,1,20
1911,James Moore,2023-04-02T12:18:53Z,4,8
1663,Robert Moore,2021-07-26T23:33:41Z,12,8
1352,Paul Clark,2021-01-31T05:29:52Z,9,17
623,Sarah Robinson,2021-03-03T08:07:03Z,7,42
495,Matthew Thomas,2021-09-03T08:12:17Z,3,9
1862,Karen Lee,2020-02-17T07:09:58Z,12,8
58,Linda Williams,2021-12-18T15:07:34Z,1,22
1628,Nancy Lopez,2021-03-02T13:56:36Z,12,6
328,Lisa Perez,2021-04-12T19:31:17Z,10,25
698,Sarah Taylor,2021-02-22T01:50:06Z,7,16
640,Mark Wilson,2021-07-20T02:45:49Z,6,6
1345,Robert Rodriguez,2021-05-24T11:23:07Z,4,3
438,Anthony Hernandez,2021-09-21T15:47:07Z,10,4
1725,Robert Martinez,2021-07-02T20:19:51Z,3,8
259,Patricia Harris,2021-06-06T23:11:04Z,9,1
1796,Anthony Lopez,2021-08-23T17:47:28Z,10,9
1107,Daniel Rodriguez,2021-06-14T14:09:56Z,7,23
1063,Thomas Jackson,2021-12-16T16:50:58Z,9,37
1751,Nancy Hernandez,2021-08-04T14:37:35Z,9,2
618,William Jones,2021-02-12T10:03:55Z,10,48
405,Betty Lopez,2021-01-28T23:47:32Z,7,48
829,Matthew Sanchez,2021-04-26T12:23:12Z,10,38
708,Matthew Martin,2021-10-01T07:35:55Z,4,26
906,Paul Sanchez,2021-04-03T22:49:13Z,8,25
1117,Betty Ramirez,2021-11-08T14:34:19Z,10,26
914,Elizabeth Lee,2021-10-04T18:11:03Z,9,50
,Lisa Thomas,2021-04-19T03:58:44Z,12,50
301,Nancy Davis,2021-07-13T06:35:41Z,10,10
573,Jessica Martinez,2021-07-28T10:19:13Z,1,7
1219,Thomas Lopez,2021-09-30T16:00:34Z,2,3
1183,Barbara Clark,2021-05-14T02:24:26Z,3,8
,Anthony Lopez,2021-10-01T16:34:05Z,5,36
624,Sandra Lewis,2021-12-08T03:16:40Z,8,31
1948,Margaret Davis,,4,21
859,Elizabeth Jackson,2021-04-14T19:49:04Z,9,44
2064,Barbara Brown,2021-07-27T13:09:30Z,10,
119,James Perez,2021-03-17T00:06:00Z,7,22
1131,Charles Martinez,2021-06-30T02:33:44Z,2,31
1211,Karen Martin,2021-09-05T14:17:09Z,5,33
1871,Michael Martin,2023-09-07T20:20:46Z,2,29
126,Michael Rodriguez,2021-01-18T05:42:44Z,12,28
1802,Betty Wilson,2023-08-09T06:47:29Z,6,35
337,Matthew Moore,2021-06-12T18:32:40Z,10,48
823,Patricia Sanchez,2021-12-05T15:26:11Z,9,12
645,Charles Smith,2021-04-12T13:51:07Z,11,24
693,Betty Taylor,2021-05-04T18:49:13Z,12,27
174,James Williams,2021-09-07T14:51:39Z,7,9
143,John Smith,2021-01-18T22:44:35Z,4,31
1060,Sarah Perez,2021-12-03T16:02:16Z,8,37
21,Robert Martin,2021-09-04T14:25:35Z,3,35
1574,Matthew Johnson,2021-11-16T20:54:31Z,10,18
1889,Patricia Miller,2023-11-10T10:45:06Z,11,43
61,Sandra Lewis,2021-08-10T18:30:26Z,10,31
1116,Michael Jones,2021-07-20T21:31:32Z,4,4
1660,Elizabeth Thompson,2021-10-01T20:20:50Z,9,9
940,Susan Davis,2021-05-05T23:24:43Z,4,27
839,Michael Clark,2021-05-30T02:37:08Z,9,33
847,Anthony Moore,2021-11-16T17:33:06Z,6,35
1996,Joseph Martinez,2021-08-09T07:10:07Z,,9
1952,Lisa Harris,,9,3
468,Paul Taylor,2021-02-27T05:23:20Z,7,6
864,Jessica Jones,2021-08-13T05:59:45Z,11,18
1085,Elizabeth White,2021-06-22T02:05:24Z,6,18
311,Lisa Johnson,2021-12-20T15:33:54Z,10,48
1100,James Gonzalez,2021-01-20T06:46:52Z,3,37
1261,Barbara Harris,2021-08-17T12:08:55Z,9,48
850,Mark Lee,2021-10-19T19:02:51Z,4,20
763,Daniel Jones,2021-10-15T06:05:13Z,7,21
545,David Robinson,2021-10-03T11:27:16Z,4,23
175,Margaret Anderson,2021-03-12T13:50:14Z,1,17
351,William Sanchez,2021-03-09T18:25:51Z,2,43
1035,Robert Sanchez,2021-11-25T11:04:39Z,1,19
1885,John Johnson,2020-03-15T23:45:16Z,1,47
1283,Elizabeth Smith,2021-12-20T22:15:59Z,9,50
1285,Jessica Johnson,2021-04-26T02:57:53Z,11,13
1872,Patricia Johnson,2022-01-29T07:39:32Z,2,37
14,Sarah Martinez,2021-11-19T02:36:42Z,11,40
1159,Mary Perez,2021-02-11T23:41:25Z,11,2
900,John Davis,2021-04-18T13:31:32Z,11,6
1860,Barbara Davis,2023-10-09T15:49:33Z,5,17
2071,Karen Thompson,2021-11-19T21:21:37Z,9,500
283,Richard Perez,2021-11-04T17:38:39Z,11,10
686,Thomas Martinez,2021-04-01T22:32:36Z,12,37
1831,Linda Thomas,2019-09-02T22:12:13Z,12,43
1793,Sandra Perez,2021-05-09T06:52:46Z,6,30
204,William Lewis,2021-08-20T12:34:02Z,12,18
1434,Thomas Moore,2021-01-04T18:37:36Z,12,17
1694,John Gonzalez,2021-06-10T14:39:07Z,6,29
2059,Michael Harris,2021-09-01T21:39:48Z,3,
599,James Anderson,2021-05-02T19:49:33Z,7,10
322,William Robinson,2021-11-17T06:39:58Z,8,19
741,Mary Lee,2021-01-04T16:04:55Z,12,11
421,Anthony Jackson,2021-10-23T02:34:06Z,10,29
242,John Robinson,2021-04-14T03:52:26Z,3,5
343,Mary Gonzalez,2021-04-18T03:24:05Z,4,8
216,Michael White,2021-07-08T01:03:28Z,5,47
1039,Karen Martin,2021-12-13T21:28:16Z,8,46
86,David Davis,2021-04-14T03:42:24Z,7,9
209,Elizabeth Davis,2021-06-07T01:17:30Z,12,16
217,Charles Harris,2021-07-23T17:58:12Z,10,19
228,Robert Davis,2021-02-16T00:02:54Z,9,49
937,Mary Thomas,2021-05-22T08:30:24Z,7,10
897,Joseph Ramirez,2021-03-26T08:52:01Z,2,7
104,Matthew Wilson,2021-08-06T20:01:51Z,1,8
214,Lisa Miller,2021-05-03T13:07:12Z,2,48
1945,,2021-12-01T20:16:39Z,4,38
1485,Joseph Wilson,2021-03-06T23:31:04Z,3,2
548,Daniel Martinez,2021-08-27T14:53:11Z,9,6
96,Patricia Lewis,2021-02-11T13:38:51Z,12,36
1482,Daniel Martinez,2021-10-03T21:43:12Z,5,39
697,Sandra Johnson,2021-08-07T09:49:01Z,7,27
529,Barbara Thompson,2021-01-26T05:16:33Z,9,35
1263,Elizabeth Anderson,2021-03-10T21:43:45Z,11,5
459,Elizabeth Harris,2021-10-18T16:51:57Z,8,15
1816,Margaret Smith,2022-04-02T08:36:23Z,7,45
465,Jessica Ramirez,2021-05-25T03:56:51Z,9,7
1298,Sarah Smith,2021-09-07T02:29:35Z,12,40
882,Nancy Lewis,2021-09-10T00:17:27Z,3,4
2047,Robert Martin,2021-10-17T13:10:29Z,6,
1798,Patricia Hernandez,2021-08-04T23:41:32Z,11,5
66,Richard White,2021-05-12T18:31:46Z,2,16
1300,Matthew Ramirez,2021-01-29T04:34:57Z,6,33
358,Karen Johnson,2021-10-10T10:23:45Z,11,34
325,Lisa Perez,2021-06-04T08:08:36Z,9,24
732,William Moore,2021-04-22T08:07:51Z,1,33
1870,Jennifer Lee,2023-07-11T02:18:23Z,2,10
735,Linda Miller,2021-08-29T16:46:34Z,9,17
38,William Harris,2021-09-06T22:11:49Z,6,8
97,John Rodriguez,2021-04-20T10:09:31Z,10,14
1543,Nancy Martin,2021-05-12T10:19:21Z,11,4
2049,Margaret Rodriguez,2021-09-01T21:20:50Z,11,
1539,Patricia Gonzalez,2021-11-03T11:21:11Z,4,1
622,Jessica Brown,2021-09-22T13:10:10Z,3,1
1012,James Jones,2021-08-16T19:35:37Z,12,10
1216,Barbara Thompson,2021-06-25T17:54:29Z,2,7
207,Anthony Davis,2021-09-26T04:56:44Z,8,42
1008,Mary Davis,2021-08-22T15:54:13Z,4,2
321,Thomas Taylor,2021-12-21T18:18:56Z,5,11
409,Patricia Gonzalez,2021-01-09T02:23:49Z,6,11
355,Lisa Wilson,2021-07-24T07:28:21Z,2,48
1401,John Ramirez,2021-12-02T11:29:02Z,11,8
989,Elizabeth Thomas,2021-06-10T00:02:44Z,9,31
1536,Michael Lopez,2021-12-11T16:16:55Z,1,43
579,Mark Martin,2021-09-22T05:46:29Z,10,8
425,Daniel Martinez,2021-11-06T06:19:50Z,5,38
332,Robert Lee,2021-11-16T22:53:18Z,8,45
968,Anthony Miller,2021-06-25T12:10:20Z,5,30
738,Matthew Davis,2021-04-27T11:57:58Z,11,6
854,Charles Thompson,2021-05-17T04:06:58Z,12,40
2023,Barbara Williams,2021-05-07T17:57:21Z,0,39
601,Anthony Martin,2021-12-24T11:52:37Z,8,48
1368,Paul White,2021-10-10T17:12:44Z,11,19
960,Daniel Clark,2021-06-03T03:37:13Z,2,38
1513,Thomas Harris,2021-11-07T16:09:32Z,10,45
450,Elizabeth Garcia,2021-03-25T04:25:13Z,6,50
1040,James Wilson,2021-09-11T20:19:17Z,3,39
476,Joseph Martin,2021-01-03T00:56:40Z,2,2
898,John Harris,2021-02-17T19:54:30Z,10,47
705,Jessica Miller,2021-12-04T16:05:01Z,6,20
2030,Richard Lopez,2021-01-05T17:37:35Z,150,23
1874,Sandra Johnson,2019-09-16T02:34:31Z,7,18
1590,Barbara Anderson,2021-06-23T19:00:01Z,7,1
331,David Robinson,2021-08-25T22:22:41Z,4,42
2015,Thomas Hernandez,2021-09-09T08:45:03Z,,46
1468,Richard Brown,2021-09-26T04:19:44Z,3,4
919,David Gonzalez,2021-08-16T17:59:25Z,11,49
711,Barbara Martinez,2021-04-12T13:55:51Z,6,33
1895,Mark Jackson,2020-01-25T20:07:41Z,2,8
1503,Susan Rodriguez,2021-03-02T11:23:33Z,5,1
970,Betty Perez,2021-04-29T03:29:20Z,12,45
855,Daniel Wilson,2021-03-06T11:03:38Z,10,9
1924,,2021-10-30T12:34:33Z,2,21
1833,Paul Hernandez,2019-07-27T18:52:17Z,1,31
1134,Patricia Ramirez,2021-09-22T08:33:46Z,7,34
1487,Lisa Thompson,2021-10-19T04:04:51Z,2,14
1181,Daniel Garcia,2021-05-08T15:20:27Z,6,29
1237,Thomas Martinez,2021-11-24T10:01:23Z,12,36
1938,,2021-06-28T02:15:55Z,7,11
1082,Paul Lopez,2021-01-08T20:35:03Z,6,51
125,Karen Taylor,2021-02-14T21:53:48Z,7,37
475,Matthew Clark,2021-02-23T21:38:29Z,12,31
1000,Sarah Clark,2021-11-04T06:51:55Z,12,4
1673,Daniel Lopez,2021-03-13T10:47:06Z,7,32
,Lisa Johnson,2021-02-01T22:36:23Z,6,32
819,Susan Gonzalez,2021-01-12T08:05:30Z,12,40
999,Patricia Davis,2021-09-13T02:25:12Z,4,18
1861,Mary Smith,2020-08-28T13:12:02Z,2,4
1331,Michael Rodriguez,2021-10-12T21:07:52Z,11,5
1136,Michael Hernandez,2021-06-08T21:56:39Z,10,30
1186,Paul Sanchez,2021-03-06T18:29:25Z,2,9
1016,John Garcia,2021-10-12T10:00:56Z,7,51
852,Margaret Clark,2021-02-03T18:44:25Z,8,8
885,Matthew Brown,2021-01-01T10:07:30Z,4,31
211,Sarah Taylor,2021-05-14T12:03:04Z,7,48
1731,Susan Martin,2021-11-26T06:02:59Z,6,17
684,Linda White,2021-01-18T04:18:58Z,7,29
105,Robert Lewis,2021-09-26T08:46:10Z,3,35
803,James Brown,2021-04-11T11:36:59Z,4,33
1167,Patricia Sanchez,2021-02-11T06:26:58Z,8,13
604,Thomas Gonzalez,2021-05-02T20:23:10Z,3,30
413,Richard Ramirez,2021-05-01T11:58:06Z,12,22
497,Elizabeth Miller,2021-01-18T00:18:14Z,4,3
1199,Barbara Perez,2021-09-20T15:31:53Z,11,25
921,Elizabeth Thompson,2021-06-19T21:39:55Z,12,16
1842,James White,2022-02-13T07:42:56Z,10,12
966,John Brown,2021-03-05T20:05:09Z,8,30
1460,Joseph Garcia,2021-08-10T21:55:28Z,3,37
912,Charles Williams,2021-01-06T08:33:50Z,5,14
313,Betty Davis,2021-08-24T18:15:21Z,6,15
341,Joseph Anderson,2021-04-02T16:43:45Z,6,7
1528,Mark Gonzalez,2021-11-18T15:52:07Z,1,8
45,David Thomas,2021-01-08T13:32:11Z,2,24
1864,Paul Brown,2020-09-27T03:57:42Z,3,17
971,Karen Johnson,2021-03-25T12:08:20Z,6,10
1456,Sarah Rodriguez,2021-04-03T02:17:49Z,5,31
1341,Jennifer Harris,2021-07-19T16:06:04Z,3,29
1728,Karen Johnson,2021-02-12T10:46:14Z,10,47
177,David Harris,2021-12-08T14:50:20Z,7,18
1625,James Harris,2021-04-29T09:07:03Z,3,23
1104,Jessica Robinson,2021-02-21T09:15:24Z,11,12
1580,Susan White,2021-02-10T23:27:48Z,11,37
496,Robert Thompson,2021-10-29T10:37:07Z,8,3
298,Barbara Wilson,2021-02-26T12:48:31Z,4,34
986,Barbara Miller,2021-12-19T18:00:32Z,3,18
429,Karen Martin,2021-07-16T22:12:52Z,7,30
55,Linda Davis,2021-01-25T20:45:52Z,6,2
386,William Thompson,2021-10-24T02:10:18Z,5,22
33,Mary Ramirez,2021-02-12T14:00:14Z,3,41
1820,John Martinez,2023-12-05T22:29:10Z,11,9
1592,Thomas Jones,2021-12-12T18:25:34Z,5,1
2078,John Ramirez,2021-09-27T14:49:31Z,3,500
277,Nancy Thomas,2021-12-03T00:48:47Z,3,29
257,Richard Clark,2021-10-23T08:22:17Z,9,3
180,Barbara Davis,2021-09-10T11:46:55Z,2,50
1526,John Johnson,2021-04-14T11:59:36Z,7,5
1271,Charles Moore,2021-05-20T01:35:58Z,2,51
1497,Sarah Anderson,2021-02-22T11:21:43Z,12,35
621,Mary Brown,2021-06-10T12:14:52Z,6,46
997,William Johnson,2021-11-11T01:12:01Z,8,34
1836,Mary Thompson,2020-12-24T09:43:14Z,10,48
830,Robert Perez,2021-02-22T00:29:01Z,6,8
1417,Jennifer Williams,2021-04-18T03:55:04Z,7,23
978,Michael Clark,2021-06-05T13:41:35Z,6,44
352,Margaret Smith,2021-02-21T04:29:42Z,1,23
28,Paul Robinson,2021-09-07T15:48:49Z,8,10
239,Nancy Davis,2021-12-25T19:28:30Z,5,51
1525,Betty Johnson,2021-05-09T06:08:25Z,2,49
1409,Karen Johnson,2021-10-09T08:46:48Z,7,26
37,Lisa Brown,2021-09-22T18:00:04Z,9,49
1095,Thomas Gonzalez,2021-09-04T18:26:55Z,2,44
1915,Jessica Garcia,2023-03-04T01:04:02Z,11,3
1422,Barbara Clark,2021-04-18T09:14:23Z,4,39
532,Betty Lopez,2021-07-17T13:56:50Z,4,8
1238,Margaret Hernandez,2021-10-04T11:08:59Z,12,36
161,Linda Gonzalez,2021-09-27T12:04:51Z,3,46
380,Jessica Davis,2021-11-26T01:10:26Z,2,23
1400,Barbara Harris,2021-10-01T23:41:10Z,7,48
384,Daniel Moore,2021-01-11T04:42:12Z,10,43
1342,Jennifer Garcia,2021-08-08T22:49:55Z,10,43
543,Thomas Robinson,2021-12-04T04:19:08Z,1,8
1278,Mark Harris,2021-09-10T03:54:56Z,1,8
922,Mary Davis,2021-02-03T11:33:41Z,7,8
932,Daniel Williams,2021-07-12T16:25:49Z,8,33
,Margaret Gonzalez,2021-02-17T16:13:34Z,4,28
1928,,2021-07-02T21:56:50Z,10,32
1723,Anthony Martinez,2021-05-06T08:55:03Z,6,25
1854,Margaret Wilson,2022-08-26T02:08:16Z,11,18
171,Betty Gonzalez,2021-10-09T05:51:34Z,3,30
1678,Margaret Martin,2021-07-10T06:35:55Z,12,21
1730,Matthew Martin,2021-12-29T16:30:04Z,12,19
374,Lisa White,2021-05-25T17:19:13Z,3,36
1518,William Thompson,2021-08-30T20:29:09Z,8,13
1674,Jessica Jones,2021-03-05T14:35:58Z,4,15
234,William Perez,2021-02-01T12:43:19Z,3,16
34,Jennifer Sanchez,2021-09-22T06:32:40Z,7,39
1753,Barbara Williams,2021-02-27T23:37:21Z,5,2
168,Lisa White,2021-08-01T02:19:19Z,10,15
1444,Nancy Perez,2021-07-11T07:58:09Z,10,1
522,Linda Brown,2021-01-11T01:31:47Z,12,12
728,Joseph Lopez,2021-01-24T11:26:09Z,10,41
1745,David Clark,2021-05-12T05:47:59Z,11,31
1318,Patricia Miller,2021-10-09T18:58:55Z,10,32
952,Sarah Lopez,2021-09-04T23:24:27Z,12,1
1432,Daniel Sanchez,2021-03-27T14:06:43Z,11,45
1704,Margaret Jones,2021-03-04T23:06:21Z,3,12
871,Barbara Ramirez,2021-01-25T14:17:05Z,9,26
1046,Mark Thomas,2021-03-01T15:33:43Z,1,24
221,Sarah Martinez,2021-09-28T20:24:04Z,3,41
1343,Margaret Jones,2021-10-13T19:16:11Z,12,31
93,Matthew Martinez,2021-08-26T13:14:59Z,11,34
157,Anthony Harris,2021-07-22T10:51:59Z,8,41
1129,Barbara Davis,2021-10-17T00:32:21Z,5,27
1987,Robert Brown,2021-07-27,5,8
1165,Karen Thompson,2021-02-23T06:27:24Z,7,7
606,Nancy Harris,2021-12-03T23:07:30Z,12,44
876,Mary Johnson,2021-02-08T16:06:13Z,11,51
,Nancy Perez,2021-02-03T00:18:45Z,2,10
510,Matthew Wilson,2021-03-06T17:14:30Z,12,29
1334,Richard Harris,2021-08-18T03:32:13Z,4,3
1500,Thomas Lee,2021-09-06T08:50:07Z,9,20
1478,Joseph Lee,2021-02-26T06:05:03Z,3,41
616,William White,2021-07-06T01:20:32Z,4,13
979,Daniel Lee,2021-02-02T15:18:15Z,10,38
163,Sarah Anderson,2021-06-11T11:17:48Z,1,14
896,John Robinson,2021-06-09T21:24:51Z,10,44
1512,William Williams,2021-06-13T23:33:22Z,11,16
596,Thomas Lee,2021-10-08T01:54:40Z,10,50
1838,Charles Garcia,2023-08-11T11:26:31Z,1,43
1075,Charles Harris,2021-02-09T05:17:56Z,5,35
1377,Susan Clark,2021-02-28T02:00:40Z,10,7
1290,Michael Moore,2021-11-18T20:29:50Z,12,48
1080,Richard Johnson,2021-06-03T17:03:20Z,6,45
2054,Joseph Lewis,2021-09-27T05:51:58Z,3,
318,Charles Lopez,2021-10-12T10:05:16Z,3,6
1327,John Perez,2021-10-12T15:48:05Z,6,31
1595,Thomas Moore,2021-08-10T15:00:47Z,10,10
950,Paul Moore,2021-10-23T08:12:28Z,4,10
700,Sandra Anderson,2021-11-25T23:51:19Z,6,6
1052,William Williams,2021-09-07T06:37:41Z,9,25
83,Karen Johnson,2021-08-29T13:03:14Z,2,27
191,Karen Sanchez,2021-02-17T00:18:53Z,10,51
873,William Hernandez,2021-11-18T16:43:19Z,5,22
1292,Nancy Jones,2021-01-10T05:23:36Z,8,46
890,Robert White,2021-11-10T00:03:43Z,2,7
382,William Jackson,2021-03-29T19:57:19Z,7,36
1258,Mary Smith,2021-10-16T19:30:23Z,5,13
755,Linda Clark,2021-01-30T12:32:29Z,6,39
1894,Paul Martinez,2019-11-15T17:50:38Z,2,30
1727,Susan Taylor,2021-03-23T11:54:02Z,12,14
1549,Lisa Jones,2021-04-08T08:39:29Z,1,32
1612,Joseph Harris,2021-08-20T03:02:02Z,10,33
1702,Richard Moore,2021-05-28T19:30:52Z,1,50
550,John Garcia,2021-09-13T19:50:07Z,10,47
976,Joseph Brown,2021-11-09T04:51:38Z,3,8
795,Jessica Jackson,2021-06-05T15:46:27Z,9,33
913,Mary Robinson,2021-01-24T11:36:38Z,7,33
1003,Linda Jackson,2021-05-04T12:00:55Z,12,45
1669,William Martin,2021-08-09T05:13:28Z,10,15
1050,Robert Thomas,2021-11-24T16:29:52Z,2,20
1635,Karen White,2021-02-24T21:27:12Z,12,45
197,Daniel Rodriguez,2021-08-28T04:43:09Z,9,50
1363,James Davis,2021-01-17T18:08:03Z,3,37
736,Mark Lopez,2021-04-14T19:38:49Z,7,6
2050,Jessica Thompson,2021-11-14T18:55:47Z,2,
1236,John Wilson,2021-08-22T23:56:05Z,12,48
1869,Jennifer Anderson,2022-01-27T22:50:26Z,8,13
886,Robert Jones,2021-08-19T13:29:38Z,4,34
1006,Charles Miller,2021-11-21T22:34:47Z,8,35
612,Elizabeth Brown,2021-08-11T17:11:28Z,11,35
247,Joseph Williams,2021-08-21T06:06:20Z,1,28
316,Mark Jones,2021-09-01T23:41:48Z,2,41
,Nancy Smith,2021-03-11T13:17:34Z,7,39
2080,Robert Wilson,2021-09-26T06:53:30Z,2,0
584,Matthew Hernandez,2021-11-09T05:30:17Z,8,34
825,William Perez,2021-12-02T00:21:19Z,8,34
1732,Thomas Jackson,2021-08-31T01:03:23Z,6,9
334,Mary Johnson,2021-04-29T04:53:00Z,8,8
427,Joseph Anderson,2021-01-15T14:31:29Z,1,24
1629,Patricia White,2021-01-22T04:19:52Z,4,40
1609,Thomas Johnson,2021-05-05T00:14:45Z,9,37
1389,Karen Lewis,2021-07-31T03:56:25Z,7,17
492,Anthony Jackson,2021-10-13T12:26:21Z,6,9
365,Karen Taylor,2021-04-25T12:38:46Z,8,33
523,Jessica Taylor,2021-05-31T06:59:01Z,9,8
817,Sarah Wilson,2021-06-29T10:39:24Z,4,26
190,Linda Brown,2021-09-28T18:18:35Z,5,44
782,John Martinez,2021-05-05T12:48:57Z,10,45
1690,Susan Martinez,2021-08-27T02:49:32Z,1,45
1121,Mary Jackson,2021-10-02T23:40:51Z,10,13
145,Susan Lewis,2021-09-02T13:50:19Z,10,13
1841,William Jones,2022-08-28T03:39:04Z,5,18
662,John Taylor,2021-06-11T08:02:15Z,8,37
1495,James Johnson,2021-09-15T16:43:34Z,6,21
1319,David Lopez,2021-02-19T19:03:06Z,11,42
100,Paul Robinson,2021-11-25T14:15:29Z,1,6
433,John Johnson,2021-06-24T23:10:47Z,2,22
265,Patricia Smith,2021-09-02T16:13:59Z,10,16
2073,Joseph Robinson,2021-01-30T16:06:09Z,2,0
666,Susan Lopez,2021-09-30T00:03:36Z,2,35
928,Jennifer Lopez,2021-02-19T07:04:44Z,12,50
1275,Barbara Davis,2021-12-10T01:51:15Z,4,43
1344,Barbara Johnson,2021-03-26T23:32:31Z,8,15
90,Sarah Miller,2021-07-16T11:11:13Z,5,9
1800,Charles Wilson,2021-04-03T15:40:58Z,10,16
12,Karen Rodriguez,2021-11-10T10:58:50Z,1,47
,Barbara Miller,2021-05-12T12:16:32Z,4,39
1654,Lisa Gonzalez,2021-07-22T05:26:31Z,11,40
552,Mark Ramirez,2021-01-12T00:27:36Z,2,3
1668,John Garcia,2021-01-11T04:11:06Z,10,40
1599,Charles Gonzalez,2021-08-10T00:04:10Z,4,47
983,Mary Anderson,2021-01-20T15:58:39Z,3,37
1351,Daniel Gonzalez,2021-05-22T20:48:45Z,10,42
943,Paul Johnson,2021-03-11T15:36:37Z,4,34
167,Richard Ramirez,2021-12-13T06:42:05Z,7,35
1856,Joseph Harris,2023-09-20T06:10:09Z,12,16
315,Anthony White,2021-10-26T01:20:45Z,11,44
1557,Richard White,2021-03-14T01:18:17Z,1,40
218,Patricia Clark,2021-03-17T09:18:25Z,5,15
1210,Sarah Smith,2021-11-17T18:01:39Z,2,51
766,John Williams,2021-03-14T18:37:04Z,7,29
808,Patricia Martinez,2021-06-11T13:10:19Z,2,8
2086,Michael Jackson,2021-12-16T23:33:30Z,4,0
1394,John Wilson,2021-09-11T01:07:40Z,10,17
1396,Barbara Martin,2021-04-18T00:24:37Z,11,26
583,Thomas Johnson,2021-01-18T14:15:28Z,1,9
54,Joseph Lewis,2021-07-21T00:09:23Z,8,8
674,Sarah Gonzalez,2021-07-25T09:10:11Z,3,47
194,James Ramirez,2021-06-13T03:13:52Z,8,7
1579,Daniel Garcia,2021-08-05T20:53:02Z,12,36
1021,John Garcia,2021-10-11T01:11:48Z,1,45
1781,Mary Jones,2021-01-12T06:13:53Z,8,44
1961,Margaret Jackson,,12,38
853,Anthony Sanchez,2021-04-03T00:29:50Z,4,48
1450,Betty Wilson,2021-07-05T18:15:58Z,9,3
1631,David Thompson,2021-11-09T08:26:24Z,2,20
1078,Jessica Johnson,2021-03-08T21:01:04Z,5,26
9,Betty Garcia,2021-09-29T03:07:50Z,7,22
1196,Linda Perez,2021-12-06T02:17:16Z,6,34
1553,William Ramirez,2021-11-19T20:44:23Z,10,36
1200,John Clark,2021-11-17T22:57:31Z,9,40
1953,Susan Taylor,,7,31
1154,Linda Davis,2021-10-10T09:42:16Z,3,14
1916,Daniel Lopez,2019-04-21T16:59:38Z,4,28
1042,David Miller,2021-03-15T18:46:53Z,7,45
345,Michael Lee,2021-09-06T08:30:21Z,10,2
1917,David Martin,2022-11-09T16:34:34Z,8,3
582,John Miller,2021-08-22T23:21:42Z,9,26
418,Patricia Jones,2021-04-10T09:47:48Z,4,12
192,Mary Lopez,2021-07-26T21:32:44Z,7,43
716,William Moore,2021-12-30T00:34:42Z,10,38
254,Jessica Lopez,2021-06-08T14:04:48Z,6,21
304,Nancy Moore,2021-03-03T08:26:22Z,2,29
231,Elizabeth Ramirez,2021-08-17T13:27:06Z,7,20
1514,Nancy Rodriguez,2021-04-21T13:22:50Z,11,48
938,Jennifer Robinson,2021-11-30T00:20:28Z,1,36
994,Betty Thomas,2021-05-14T14:37:49Z,10,33
1149,Elizabeth Garcia,2021-01-26T08:31:08Z,1,20
1453,Joseph Hernandez,2021-09-25T15:54:28Z,1,1
731,Susan Smith,2021-01-07T11:53:56Z,9,47
905,Richard Martinez,2021-09-08T22:44:19Z,1,51
84,Nancy Jackson,2021-08-08T12:17:48Z,9,21
1014,Robert Lopez,2021-10-01T14:46:12Z,11,26
238,Elizabeth Thompson,2021-11-30T20:06:55Z,8,5
1865,Joseph Perez,2022-12-30T13:50:57Z,2,41
957,Mary Robinson,2021-03-31T21:28:50Z,9,27
1446,Barbara Martin,2021-05-03T11:53:55Z,8,37
335,Patricia Davis,2021-12-11T13:51:22Z,9,9
1611,John Johnson,2021-09-19T14:44:07Z,12,26
964,Joseph Rodriguez,2021-04-01T17:24:52Z,2,13
74,Richard Rodriguez,2021-12-26T19:46:27Z,8,19
376,Nancy Brown,2021-06-09T13:00:50Z,6,43
471,Thomas Lopez,2021-04-02T13:36:39Z,7,6
1750,Mark Taylor,2021-04-27T06:05:09Z,10,47
305,Barbara Jackson,2021-04-27T04:19:10Z,11,28
387,Barbara Smith,2021-03-12T10:49:20Z,3,37
109,Michael Perez,2021-04-07T21:47:08Z,11,7
902,Karen Martinez,2021-10-30T12:31:24Z,12,2
1304,Jennifer Moore,2021-03-27T09:17:49Z,3,48
1829,Charles Thomas,2019-09-26T03:54:03Z,2,10
1139,Jennifer Hernandez,2021-09-04T09:57:32Z,1,1
310,William Smith,2021-08-08T18:50:26Z,11,50
1707,Daniel Garcia,2021-02-15T15:40:56Z,3,13
647,Joseph Martinez,2021-03-04T00:40:07Z,7,44
338,Lisa Jones,2021-12-10T20:39:16Z,7,42
2001,Jennifer Martin,2021-12-25T21:31:52Z,,11
1502,Betty Williams,2021-06-21T14:26:11Z,5,24
1059,Mary Clark,2021-05-31T08:05:25Z,9,27
541,Paul Clark,2021-10-31T00:34:39Z,9,41
1256,Matthew Perez,2021-01-19T05:53:03Z,7,25
540,Joseph Perez,2021-07-20T22:08:41Z,6,9
1581,Barbara Perez,2021-06-28T03:35:08Z,12,43
881,Daniel Lopez,2021-04-08T05:47:50Z,2,24
739,Daniel Ramirez,2021-09-10T09:27:19Z,1,6
576,Richard Johnson,2021-08-10T11:24:36Z,9,13
1931,,2021-03-11T03:38:47Z,7,24
262,Anthony Thomas,2021-08-31T21:13:55Z,8,49
91,Sandra Lopez,2021-12-09T02:14:57Z,2,16
1801,Jessica Gonzalez,2020-01-26T15:43:23Z,6,14
240,Betty Lee,2021-08-18T01:14:14Z,11,13
1517,Patricia Lee,2021-06-26T20:06:16Z,10,29
291,Richard Hernandez,2021-09-01T10:11:30Z,12,49
1954,Betty Sanchez,,12,7
1087,Michael Anderson,2021-03-24T02:18:08Z,7,48
1455,David Lopez,2021-08-26T23:30:20Z,5,12
1718,Sandra Williams,2021-01-20T01:00:19Z,2,27
184,Charles Miller,2021-06-30T14:25:51Z,12,17
1980,Paul Rodriguez,not-a-date,11,28
959,Robert Jackson,2021-02-07T02:50:32Z,9,9
695,Anthony Moore,2021-07-03T21:30:55Z,4,15
1010,Michael Sanchez,2021-02-20T16:15:02Z,6,46
1032,Paul Gonzalez,2021-05-17T09:42:42Z,9,25
2046,Patricia Harris,2021-04-18T15:51:00Z,8,
1645,Robert Garcia,2021-03-19T05:39:04Z,9,30
368,Margaret Miller,2021-06-17T00:32:32Z,8,15
1812,Sandra Robinson,2022-06-18T19:56:58Z,12,23
85,Sandra Rodriguez,2021-03-21T07:50:01Z,11,46
1146,James Perez,2021-01-02T14:26:12Z,11,47
271,Linda Anderson,2021-08-03T02:09:46Z,3,25
760,Nancy Gonzalez,2021-02-03T06:43:37Z,10,19
1375,Richard Jones,2021-02-12T03:56:48Z,1,13
809,Mark White,2021-02-25T00:30:30Z,6,20
620,Paul Taylor,2021-03-29T15:24:43Z,11,15
781,Susan Clark,2021-11-16T19:54:17Z,11,39
1270,Mark Perez,2021-04-27T22:57:58Z,8,51
1957,Lisa Wilson,,4,9
520,Anthony Williams,2021-08-11T21:20:19Z,3,34
11,Robert Gonzalez,2021-02-07T13:27:43Z,6,23
94,James Perez,2021-11-14T07:57:45Z,9,20
1454,Nancy Miller,2021-05-28T08:31:31Z,10,7
1226,Patricia Harris,2021-12-13T07:45:10Z,8,30
1374,Karen Jackson,2021-01-27T17:39:44Z,4,25
2093,Paul Harris,2021-07-28T14:22:54Z,1,500
726,John Clark,2021-09-02T22:33:55Z,4,5
1706,Elizabeth White,2021-10-26T12:09:17Z,8,19
481,Karen Anderson,2021-01-25T09:24:18Z,2,32
1703,Jennifer Robinson,2021-05-11T04:13:35Z,10,43
1700,Barbara Williams,2021-07-23T10:19:52Z,12,25
121,Daniel Taylor,2021-06-05T05:16:21Z,11,35
1141,Anthony Garcia,2021-07-10T03:11:21Z,2,9
196,John Wilson,2021-03-10T09:42:55Z,12,34
150,Joseph Johnson,2021-08-05T11:23:54Z,4,8
525,Michael Martin,2021-04-21T21:46:09Z,12,32
1224,David Brown,2021-10-22T01:08:36Z,7,3
1508,Linda Sanchez,2021-01-03T19:16:35Z,9,24
1791,Linda Jones,2021-12-01T09:59:56Z,10,17
1451,Thomas Lopez,2021-06-02T21:42:27Z,11,50
786,Richard Rodriguez,2021-11-14T02:16:49Z,7,24
1461,Nancy Davis,2021-11-13T04:48:25Z,2,47
435,Mary Davis,2021-10-02T19:30:44Z,8,29
1881,Anthony Harris,2023-04-23T14:36:38Z,11,13
815,Nancy Sanchez,2021-03-05T19:53:28Z,12,16
1420,Sandra Williams,2021-08-02T10:34:29Z,5,47
663,Mary Moore,2021-06-29T13:40:41Z,11,20
273,Paul Jones,2021-12-02T13:18:53Z,2,18
961,Charles Johnson,2021-06-18T22:20:03Z,11,9
22,Lisa Davis,2021-03-05T11:01:17Z,8,25
176,Richard Hernandez,2021-03-24T04:49:00Z,8,21
939,Betty Robinson,2021-10-05T07:09:22Z,12,42
1626,Karen Clark,2021-11-08T18:36:04Z,8,40
1402,Lisa Davis,2021-06-23T10:33:57Z,12,11
1194,James Thompson,2021-12-04T05:26:36Z,11,34
758,Joseph Thomas,2021-03-30T14:24:14Z,6,36
509,Nancy Martinez,2021-04-30T00:44:54Z,8,39
924,Nancy White,2021-09-13T13:29:33Z,12,12
1614,Richard Jones,2021-02-21T08:05:28Z,6,6
2061,Sarah Hernandez,2021-12-05T19:45:33Z,6,
1619,Richard Lee,2021-08-10T21:11:16Z,4,36
595,Lisa Johnson,2021-08-15T14:49:52Z,8,11
59,Robert Taylor,2021-04-03T10:21:50Z,5,43
299,Susan Jackson,2021-09-22T18:50:24Z,3,11
1783,Susan Gonzalez,2021-03-11T12:14:32Z,12,39
1940,,2021-12-11T05:55:49Z,5,39
857,Charles Lopez,2021-07-26T17:12:59Z,5,39
388,Nancy Gonzalez,2021-01-28T00:34:59Z,3,48
1387,Patricia Wilson,2021-02-21T23:52:51Z,5,31
1913,Joseph Harris,2020-08-31T07:04:11Z,11,14
580,John Brown,2021-06-02T23:26:55Z,6,51
442,Margaret Jones,2021-05-10T11:09:33Z,2,38
1939,,2021-10-23T06:52:42Z,6,15
424,John Anderson,2021-01-27T12:28:26Z,8,29
884,Anthony Davis,2021-06-16T16:43:20Z,11,6
1655,Margaret Lee,2021-09-24T14:51:39Z,4,27
783,Michael Thomas,2021-05-03T00:24:01Z,3,26
1708,James Martin,2021-10-25T06:00:21Z,5,1
1903,John Brown,2019-11-04T05:08:30Z,11,40
590,Mark Smith,2021-05-24T01:20:37Z,6,44
546,Thomas Lewis,2021-04-21T07:31:19Z,2,17
391,Jennifer Lopez,2021-05-02T00:40:14Z,12,21
1890,Nancy Ramirez,2023-12-06T12:39:03Z,9,10
1659,Sarah Perez,2021-11-07T17:31:10Z,4,9
1979,Anthony White,2021-07-27,6,23
243,Mary Garcia,2021-11-04T19:50:01Z,5,39
1013,Anthony Brown,2021-11-25T17:46:25Z,9,24
1380,Anthony Brown,2021-02-06T04:35:36Z,8,43
930,Paul Smith,2021-05-11T02:31:44Z,7,18
1803,Jennifer Perez,2020-09-17T01:10:22Z,2,48
1898,David Brown,2023-09-23T16:09:57Z,10,35
1077,Richard Lee,2021-07-08T13:58:41Z,10,39
1472,Barbara Smith,2021-06-09T21:53:23Z,2,23
29,William Jones,2021-04-06T18:44:05Z,12,36
241,Susan Brown,2021-07-31T11:41:21Z,4,42
1162,Matthew Jones,2021-03-21T19:21:05Z,12,44
349,David Harris,2021-02-27T07:18:16Z,10,1
1840,Robert Jones,2023-07-16T08:29:50Z,2,51
1622,Nancy Robinson,2021-08-12T16:52:44Z,2,8
306,Matthew Rodriguez,2021-06-27T10:01:06Z,5,13
533,Michael Sanchez,2021-02-23T22:25:34Z,4,51
1230,Sandra Taylor,2021-10-31T08:12:25Z,3,45
879,Matthew Robinson,2021-02-21T05:31:08Z,11,20
1266,William Jones,2021-03-04T11:57:56Z,10,17
822,William Harris,2021-10-01T07:30:58Z,2,37
102,James Hernandez,2021-10-27T11:21:07Z,3,41
346,Mary Sanchez,2021-05-10T12:31:50Z,4,9
1437,Sandra Garcia,2021-07-05T01:49:07Z,6,23
537,Richard Thompson,2021-10-07T04:21:03Z,8,34
1640,Robert Gonzalez,2021-09-14T11:07:15Z,5,43
1907,Michael Jones,2020-09-05T11:36:28Z,5,34
183,Linda Jones,2021-07-03T21:54:32Z,11,8
2048,Charles Thomas,2021-08-08T15:32:14Z,7,
1912,Karen Lopez,2019-12-02T01:14:10Z,9,33
1254,Lisa Lee,2021-08-06T23:25:14Z,7,16
1326,Lisa Lee,2021-06-19T08:58:15Z,5,24
1144,Sarah Miller,2021-10-11T18:14:10Z,6,1
48,Robert White,2021-07-08T17:45:33Z,2,49
43,Michael Jones,2021-05-26T05:07:46Z,3,35
460,Sarah Davis,2021-05-01T04:26:59Z,8,13
2024,Daniel Miller,2021-08-15T13:58:30Z,99,51
773,Jennifer Jones,2021-04-15T10:30:23Z,5,18
806,Joseph Harris,2021-09-21T21:54:58Z,10,45
373,Mark Williams,2021-02-06T04:58:03Z,7,7
753,Betty Thompson,2021-10-09T05:41:37Z,2,33
1949,Susan Jackson,,4,38
173,Sandra Gonzalez,2021-08-18T20:50:25Z,10,43
407,Margaret Hernandez,2021-08-12T14:27:51Z,7,37
578,Thomas Anderson,2021-10-24T20:45:45Z,9,18
1638,Elizabeth Miller,2021-11-03T11:46:11Z,12,40
671,Margaret Robinson,2021-12-19T03:41:02Z,7,25
1215,Karen Martin,2021-07-03T17:55:31Z,12,43
,Nancy Brown,2021-06-03T22:26:02Z,8,34
356,Robert Thomas,2021-06-24T02:13:40Z,6,33
534,Jessica Smith,2021-05-21T03:47:57Z,9,37
274,Anthony Sanchez,2021-11-28T19:42:02Z,7,22
1506,Sandra Thomas,2021-10-21T09:30:57Z,8,20
980,William Robinson,2021-11-12T15:21:07Z,2,2
925,Patricia Smith,2021-10-02T22:06:42Z,3,45
655,Robert Taylor,2021-06-23T11:59:34Z,9,46
1624,Michael Hernandez,2021-05-14T19:12:17Z,10,42
1897,Susan Hernandez,2020-11-11T03:55:27Z,12,44
1405,Nancy Thompson,2021-01-21T05:10:02Z,3,25
1217,Anthony Perez,2021-03-28T02:49:58Z,1,22
267,Sarah Wilson,2021-02-06T04:46:21Z,4,8
1563,Patricia Brown,2021-07-23T04:34:56Z,11,5
1330,Robert Clark,2021-04-19T23:31:48Z,3,35
1573,Lisa Lewis,2021-06-11T12:57:53Z,6,51
1462,William Sanchez,2021-04-02T13:51:48Z,9,28
1935,,2021-02-19T09:41:58Z,1,45
512,Karen Wilson,2021-04-17T15:02:29Z,11,51
324,Robert Jones,2021-10-20T21:12:04Z,4,44
227,John Jones,2021-11-12T00:23:31Z,10,20
169,Jessica Davis,2021-04-16T23:56:29Z,7,32
1180,Paul Johnson,2021-01-04T18:09:09Z,3,43
1839,Betty White,2022-08-31T11:03:22Z,1,19
,Patricia White,2021-01-21T12:37:12Z,2,32
1287,Anthony Moore,2021-07-27T01:50:18Z,1,41
2082,Michael Brown,2021-01-13T17:39:00Z,11,500
821,Richard Smith,2021-10-01T16:36:43Z,4,14
7,Sarah Wilson,2021-03-27T14:39:19Z,8,38
279,Anthony Moore,2021-05-27T11:51:09Z,8,21
2072,Matthew Moore,2021-09-30T17:34:59Z,2,999
1621,Robert Rodriguez,2021-10-29T16:02:19Z,7,21
909,Sandra Hernandez,2021-02-21T06:10:10Z,7,37
1291,Anthony Wilson,2021-09-09T02:23:12Z,2,48
377,Anthony Wilson,2021-12-04T03:12:18Z,12,4
1679,Margaret Anderson,2021-12-11T16:54:34Z,4,28
1314,Mark Rodriguez,2021-03-17T11:15:05Z,2,12
107,John Wilson,2021-02-19T11:52:42Z,1,20
1561,Jessica Harris,2021-08-03T04:03:09Z,3,40
1873,Anthony Anderson,2022-01-08T06:54:01Z,8,10
1424,James Rodriguez,2021-03-09T23:26:32Z,7,33
1944,,2021-06-09T21:17:10Z,9,32
670,Susan Lopez,2021-12-13T03:49:52Z,7,29
1511,Daniel Gonzalez,2021-11-18T17:29:52Z,7,15
1941,,2021-03-02T21:22:16Z,11,40
1666,Elizabeth Anderson,2021-10-17T13:35:10Z,11,48
1494,Daniel Jones,2021-02-20T23:35:28Z,9,11
1234,Sandra Thompson,2021-10-24T01:50:48Z,4,18
862,Margaret Jones,2021-04-07T23:09:38Z,3,46
721,Daniel White,2021-07-10T12:40:56Z,8,11
136,Elizabeth Martinez,2021-03-23T15:02:40Z,7,51
1037,David Garcia,2021-12-11T20:07:09Z,7,11
535,Barbara Anderson,2021-11-09T02:40:12Z,9,9
1431,Jessica Brown,2021-04-11T03:03:15Z,2,25
1721,Betty Moore,2021-03-10T21:40:02Z,8,48
1689,Anthony Clark,2021-04-22T00:55:01Z,8,11
206,Linda White,2021-06-07T20:11:04Z,8,36
1680,Richard Harris,2021-01-17T05:50:56Z,10,48
2038,Jennifer Moore,2021-06-29T11:16:12Z,99,13
1977,Linda Moore,27/07/2021,11,31
682,Michael Williams,2021-02-09T04:25:31Z,10,3
846,Thomas Brown,2021-08-11T10:04:54Z,2,18
1797,Thomas Brown,2021-06-07T13:16:02Z,12,51
965,John Harris,2021-10-27T02:17:12Z,10,7
1007,Elizabeth Garcia,2021-07-10T11:11:55Z,1,6
1597,John Rodriguez,2021-05-23T13:27:37Z,10,16
1686,Sarah Gonzalez,2021-10-13T12:16:54Z,1,36
165,James Ramirez,2021-12-09T00:18:54Z,10,25
562,John Harris,2021-05-24T21:41:05Z,9,36
70,Patricia Johnson,2021-09-11T06:25:51Z,9,1
1617,Susan Harris,2021-09-29T00:37:28Z,3,49
833,Karen Jones,2021-08-12T05:34:50Z,7,28
1848,Anthony Clark,2022-02-15T01:08:45Z,1,11
1571,Jessica Robinson,2021-12-12T13:13:57Z,2,30
1738,Susan Wilson,2021-01-18T16:01:04Z,6,23
650,Barbara Martin,2021-03-27T18:27:50Z,4,9
1294,Jennifer Sanchez,2021-04-08T19:57:09Z,9,5
899,Richard Lopez,2021-06-16T18:11:35Z,6,51
,Richard Wilson,2021-03-25T05:10:42Z,9,15
431,Joseph Robinson,2021-11-11T12:01:53Z,10,42
610,Michael Thompson,2021-10-01T18:58:00Z,8,21
483,Charles Davis,2021-10-07T01:19:06Z,3,19
1550,Matthew Anderson,2021-08-06T02:29:19Z,5,35
1685,Mark Lewis,2021-01-17T11:20:41Z,4,34
1807,David Thomas,2023-09-08T11:44:03Z,11,4
617,Mark Moore,2021-04-16T07:08:24Z,9,45
524,William Harris,2021-04-12T02:04:35Z,12,29
805,Charles Davis,2021-06-23T02:57:26Z,6,26
17,Anthony Martinez,2021-01-31T23:42:54Z,4,7
796,Sandra Robinson,2021-12-04T17:34:25Z,12,27
907,Patricia Davis,2021-07-14T00:26:48Z,11,39
485,Charles Wilson,2021-03-14T17:53:31Z,11,43
1096,James Davis,2021-05-25T15:38:30Z,8,39
250,James Harris,2021-09-19T02:07:06Z,5,37
1902,Sarah Garcia,2022-06-20T08:37:07Z,4,38
1664,Jennifer Hernandez,2021-11-23T00:55:00Z,3,47
1764,Margaret Taylor,2021-05-01T12:45:10Z,6,10
1435,Linda Martinez,2021-02-06T02:54:38Z,7,44
1309,Mary Smith,2021-08-11T10:07:27Z,10,26
634,Paul Jones,2021-11-27T12:27:06Z,9,30
788,Sarah Garcia,2021-09-22T18:01:20Z,9,2
1132,Mary Ramirez,2021-09-04T09:00:22Z,10,38
519,Nancy Anderson,2021-05-25T01:38:23Z,6,29
491,Linda White,2021-09-13T04:39:24Z,11,7
1830,Joseph Taylor,2022-01-31T09:11:57Z,9,40
1616,Richard Rodriguez,2021-02-03T00:59:37Z,7,33
2016,Elizabeth Thomas,2021-12-14T23:06:54Z,,19
112,Betty Sanchez,2021-03-10T18:14:51Z,7,2
1637,Thomas Johnson,2021-04-10T05:01:32Z,3,4
1357,Linda Williams,2021-07-19T19:52:20Z,11,18
1515,Sarah Sanchez,2021-04-15T09:36:10Z,7,13
1724,Mark Williams,2021-10-22T13:11:30Z,7,36
72,Susan Thomas,2021-07-06T22:35:08Z,4,26
,Jessica Davis,2021-09-02T00:50:32Z,3,2
1322,David Martin,2021-09-14T02:15:39Z,5,45
44,Anthony Robinson,2021-07-25T23:15:16Z,1,39
632,Karen Brown,2021-12-27T13:49:34Z,6,19
1683,Thomas Lee,2021-12-07T02:53:20Z,12,51
754,Lisa Lopez,2021-01-21T20:29:13Z,2,28
1466,Sarah White,2021-05-03T14:47:28Z,8,20
1966,Margaret Lee,,2,25
744,Sandra Johnson,2021-03-31T05:34:44Z,4,45
297,David Sanchez,2021-01-22T19:04:08Z,5,23
1607,Daniel Ramirez,2021-08-22T21:51:29Z,1,41
1852,Sandra Sanchez,2022-06-24T07:18:41Z,7,44
505,Barbara Robinson,2021-11-06T15:17:22Z,9,18
1399,Sarah Thomas,2021-04-09T13:22:44Z,5,37
973,Thomas Johnson,2021-09-20T23:48:23Z,5,17
868,Joseph Thomas,2021-05-08T02:33:25Z,10,1
1118,Nancy Hernandez,2021-09-22T09:06:12Z,3,47
2026,Robert Moore,2021-11-26T21:27:38Z,200,44
2056,Barbara Wilson,2021-09-05T02:15:11Z,6,
1433,Linda Sanchez,2021-05-03T14:49:24Z,7,23
768,James Williams,2021-05-18T10:43:12Z,9,6
1093,Linda Johnson,2021-06-27T06:24:35Z,1,24
1005,Matthew Lopez,2021-08-09T10:53:39Z,10,10
115,Betty Davis,2021-04-14T14:48:34Z,3,51
1208,Patricia Thomas,2021-10-17T10:07:50Z,11,2
1768,James Martinez,2021-12-29T02:00:50Z,1,44
521,Barbara Gonzalez,2021-05-03T02:17:04Z,11,18
837,David Clark,2021-06-25T03:38:01Z,10,4
901,Linda Moore,2021-08-22T09:43:02Z,10,47
563,Patricia Hernandez,2021-04-04T21:09:36Z,8,8
1990,Nancy Moore,2021-07-27,8,23
359,Elizabeth Anderson,2021-09-07T20:22:11Z,1,4
219,Barbara Garcia,2021-04-28T09:20:17Z,1,46
296,Jennifer Thompson,2021-04-27T07:13:34Z,1,3
447,Nancy Thompson,2021-11-18T22:27:27Z,12,44
867,Thomas White,2021-04-19T01:15:04Z,12,24
1821,James Williams,2020-09-08T19:25:32Z,1,10
1524,Betty Thomas,2021-05-25T05:40:18Z,8,45
1533,Elizabeth Robinson,2021-05-06T11:10:01Z,3,41
1651,Daniel Rodriguez,2021-12-08T05:51:56Z,7,2
799,Sandra Williams,2021-02-12T11:23:48Z,4,43
1510,Richard Davis,2021-03-05T09:46:55Z,12,48
1197,Thomas Thompson,2021-09-30T01:52:50Z,10,7
1705,Anthony Thompson,2021-01-20T22:14:54Z,7,20
675,Linda Clark,2021-01-02T08:22:24Z,1,20
1951,Susan Johnson,,1,31
1653,Paul Gonzalez,2021-09-13T03:02:52Z,3,6
1584,Nancy Garcia,2021-07-27T08:18:47Z,10,29
251,Mary Harris,2021-10-21T16:56:11Z,3,31
1229,Sandra Wilson,2021-11-22T18:19:58Z,10,31
,Lisa Martinez,2021-09-24T19:44:16Z,8,15
1827,Susan Robinson,2022-08-01T02:38:18Z,10,24
1017,Daniel Thomas,2021-09-10T02:47:55Z,6,12
516,Betty Anderson,2021-01-14T12:20:59Z,3,5
1076,Paul Lopez,2021-12-07T22:33:39Z,7,17
1588,Karen Davis,2021-08-07T16:53:20Z,9,14
1189,Nancy Anderson,2021-03-12T09:28:15Z,10,25
1698,Betty Garcia,2021-10-06T23:44:15Z,12,8
1361,Patricia Thomas,2021-09-20T05:35:39Z,8,31
1069,Sandra Sanchez,2021-01-27T00:35:48Z,2,25
248,Lisa Hernandez,2021-08-23T11:01:08Z,5,2
1025,David White,2021-01-31T05:12:37Z,4,23
1505,Elizabeth Thomas,2021-07-27T19:28:59Z,1,45
1170,Jennifer Johnson,2021-08-01T21:01:24Z,8,14
230,Anthony Taylor,2021-05-28T17:22:48Z,8,29
1879,David Perez,2022-04-28T14:33:44Z,7,4
288,Robert Thomas,2021-10-31T12:20:37Z,5,22
1726,Matthew Ramirez,2021-04-17T13:45:58Z,6,34
1484,Margaret Lopez,2021-10-18T10:53:28Z,10,34
1720,Nancy Thompson,2021-09-29T19:02:42Z,10,37
813,Elizabeth Johnson,2021-11-11T15:28:48Z,12,8
2069,Michael Jones,2021-07-15T11:52:07Z,4,
1814,Margaret Martinez,2020-01-25T05:42:30Z,6,36
1347,Jessica Robinson,2021-06-26T13:35:02Z,1,3
1943,,2021-08-03T16:03:21Z,4,6
2003,Jennifer Clark,2021-10-03T00:04:27Z,,45
834,Jennifer Thomas,2021-09-04T19:18:16Z,9,45
131,Paul Martinez,2021-07-16T22:43:27Z,5,43
1776,Patricia Smith,2021-08-30T22:16:04Z,9,33
611,Jessica Lopez,2021-08-06T16:07:22Z,12,18
1233,Thomas Lewis,2021-05-30T09:18:56Z,7,39
643,William Gonzalez,2021-04-02T11:13:01Z,8,49
172,Sandra Jones,2021-08-30T15:51:18Z,9,2
1837,Lisa Sanchez,2022-08-07T22:07:23Z,5,4
1761,Mary Harris,2021-03-20T11:41:37Z,2,29
114,Sandra Wilson,2021-11-08T13:22:24Z,11,48
2045,Jennifer Thomas,2021-12-19T03:55:30Z,99,2
1603,Daniel Martinez,2021-01-15T12:19:42Z,12,37
996,David Martin,2021-03-27T01:24:58Z,1,50
1480,Karen Jackson,2021-06-07T04:45:18Z,2,6
87,Nancy Lee,2021-04-27T12:10:31Z,8,21
1746,Sandra Thomas,2021-11-06T14:56:58Z,1,42
1320,Linda Brown,2021-04-21T17:40:14Z,10,5
361,Patricia Thomas,2021-10-04T16:03:41Z,8,5
1128,Paul Hernandez,2021-09-12T03:46:22Z,2,15
1349,Daniel Clark,2021-04-17T05:09:39Z,12,17
569,Jessica Lewis,2021-04-30T19:48:20Z,8,2
1646,Sarah Robinson,2021-10-04T16:41:39Z,1,3
1618,John Thomas,2021-08-06T05:01:05Z,4,32
530,Elizabeth Lewis,2021-04-27T11:47:55Z,3,46
60,Jessica Miller,2021-07-29T10:01:28Z,3,47
280,Margaret Miller,2021-09-28T21:09:23Z,4,37
559,Joseph Wilson,2021-07-08T01:32:51Z,8,14
327,Sarah Brown,2021-06-26T14:54:46Z,6,44
2000,John Lopez,2021-04-21T10:37:57Z,,30
76,Matthew Thomas,2021-03-02T02:48:39Z,4,19
1855,William Rodriguez,2022-11-08T14:07:49Z,2,17
1325,David Davis,2021-11-02T02:52:58Z,4,46
865,Daniel Wilson,2021-05-26T16:51:34Z,8,5
894,James Martin,2021-09-10T10:37:39Z,3,29
1147,Linda Davis,2021-09-27T08:07:08Z,6,20
995,David Gonzalez,2021-04-16T00:38:35Z,3,2
951,James Robinson,2021-06-09T05:48:48Z,1,15
636,Jennifer White,2021-06-28T05:23:34Z,11,17
1695,James Garcia,2021-06-26T04:36:39Z,10,46
1633,Lisa Moore,2021-03-24T06:49:15Z,4,35
503,Paul Gonzalez,2021-10-16T16:07:47Z,8,25
57,James Williams,2021-10-02T21:33:20Z,11,4
394,Nancy Williams,2021-04-16T16:10:56Z,8,43
308,Richard Jackson,2021-05-20T09:44:30Z,10,19
233,Patricia Harris,2021-03-22T16:43:25Z,11,14
489,Daniel Gonzalez,2021-05-25T23:25:49Z,5,48
832,Matthew Jones,2021-07-18T09:13:58Z,7,27
484,Susan Smith,2021-08-27T18:26:26Z,6,16
1232,Richard Perez,2021-08-22T05:29:40Z,10,21
1407,Jessica Robinson,2021-08-22T02:41:34Z,7,6
,Richard Gonzalez,2021-09-27T22:12:55Z,10,7
329,Mark Lee,2021-05-25T06:23:07Z,2,44
1324,Betty Hernandez,2021-06-16T08:06:51Z,3,1
588,David Taylor,2021-11-18T16:12:59Z,9,35
1687,Richard Taylor,2021-10-25T03:48:24Z,11,4
2033,Elizabeth Garcia,2021-11-09T21:24:52Z,200,47
845,Joseph Jackson,2021-10-16T08:46:18Z,8,36
1733,Karen Jackson,2021-07-12T18:45:16Z,9,47
417,Lisa Clark,2021-09-08T15:57:52Z,3,16
1299,Robert Harris,2021-10-17T16:46:03Z,10,3
132,Susan Hernandez,2021-06-06T06:38:36Z,12,19
1867,William Garcia,2022-10-31T04:56:35Z,2,18
1701,Lisa Sanchez,2021-07-18T17:04:37Z,10,11
1762,Thomas Smith,2021-11-07T07:27:19Z,8,33
653,Anthony Moore,2021-11-08T11:08:06Z,11,14
841,Susan Thompson,2021-11-23T04:21:32Z,8,32
892,Richard Harris,2021-11-12T21:08:18Z,3,42
1976,Sarah Thompson,2021-07-27,3,22
1955,Joseph Thomas,,4,6
1568,Karen Thompson,2021-08-18T06:00:11Z,5,4
1404,David Sanchez,2021-08-02T19:44:32Z,10,45
1529,Anthony Thompson,2021-04-07T16:29:50Z,7,50
309,Matthew Martinez,2021-01-09T12:29:30Z,11,26
493,Mary Lopez,2021-08-01T01:13:01Z,6,42
303,William Perez,2021-01-04T15:35:25Z,8,19
948,Karen Davis,2021-06-30T04:06:36Z,6,38
747,Charles Perez,2021-01-13T18:40:00Z,3,21
411,Robert Wilson,2021-11-24T23:09:53Z,2,16
1070,Sarah Gonzalez,2021-08-03T09:31:04Z,6,18
123,Charles Rodriguez,2021-01-15T20:34:58Z,2,39
1284,Barbara Taylor,2021-11-08T18:47:39Z,9,29
1489,Sandra Lewis,2021-07-03T18:24:40Z,9,4
1160,Mary Thompson,2021-02-14T23:14:21Z,7,29
889,John Thomas,2021-01-28T12:10:03Z,4,25
1858,Sarah Smith,2022-09-19T06:58:04Z,1,5
1576,Robert Miller,2021-07-21T17:57:13Z,2,7
1747,John Thomas,2021-03-02T08:18:18Z,11,30
1259,Karen Ramirez,2021-10-31T06:44:51Z,8,15
1657,Sandra Martin,2021-05-08T21:09:22Z,8,35
1092,Jennifer Miller,2021-12-06T21:16:26Z,4,4
1307,Margaret White,2021-09-09T15:14:39Z,6,1
1920,Paul Davis,2019-10-08T03:57:50Z,8,38
549,Thomas Lee,2021-03-07T11:48:01Z,10,38
958,Matthew Lewis,2021-05-25T15:52:36Z,8,48
1922,,2021-03-19T04:29:50Z,12,44
1521,John Thompson,2021-06-20T06:20:21Z,12,1
1959,Robert Smith,,8,43
1354,Barbara Clark,2021-12-03T23:43:52Z,6,32
437,Barbara Robinson,2021-04-20T20:45:33Z,7,27
1023,Jennifer Martin,2021-05-04T13:59:47Z,10,15
1182,Karen Rodriguez,2021-12-08T03:59:07Z,12,6
383,Anthony Clark,2021-08-30T10:53:09Z,10,44
1767,Richard Thompson,2021-12-02T20:36:55Z,9,8
1058,Susan Harris,2021-08-18T00:38:55Z,4,36
1441,Margaret Rodriguez,2021-03-22T07:18:59Z,4,13
1286,David Taylor,2021-02-01T23:30:54Z,2,11
39,Elizabeth Wilson,2021-03-03T10:08:13Z,8,1
1805,Mark Anderson,2019-03-10T10:03:38Z,5,26
370,Susan White,2021-02-06T22:15:51Z,6,28
1122,David White,2021-10-05T01:05:01Z,4,44
1564,Mary Clark,2021-12-31T04:55:30Z,3,12
1376,Thomas Ramirez,2021-12-20T03:39:21Z,9,44
929,Margaret Rodriguez,2021-10-12T15:27:25Z,2,50
1056,Mary Jones,2021-10-20T03:20:22Z,12,43
1981,William Johnson,27/07/2021,6,23
515,Jennifer Smith,2021-02-25T10:48:03Z,10,44
1984,Paul Martinez,07-27-2021T16:02:08Z,10,24
849,Sarah Miller,2021-06-15T02:43:44Z,2,48
410,Betty Martin,2021-06-28T16:24:50Z,12,24
642,Jessica Hernandez,2021-12-30T10:31:29Z,4,1
1106,Karen Sanchez,2021-04-29T15:05:26Z,12,46
1359,Karen Thompson,2021-11-14T06:34:23Z,2,43
887,Nancy Anderson,2021-01-04T14:33:38Z,1,45
615,Matthew Williams,2021-05-15T12:20:30Z,8,42
1647,Linda Robinson,2021-07-25T14:30:31Z,5,22
1034,Anthony Perez,2021-03-29T14:35:00Z,3,29
619,Charles Davis,2021-04-05T03:52:21Z,1,43
2058,Daniel Robinson,2021-01-30T20:04:35Z,9,
1335,Sarah Rodriguez,2021-07-31T01:30:04Z,9,31
158,Linda Rodriguez,2021-06-20T19:54:35Z,2,46
1630,Sandra Jones,2021-12-04T09:21:31Z,5,1
712,Paul Thomas,2021-06-30T23:28:21Z,2,47
430,Charles Moore,2021-11-04T12:16:36Z,12,3
875,Betty Hernandez,2021-12-14T06:07:31Z,11,49
974,Mark Garcia,2021-01-13T01:42:21Z,7,29
1088,Jessica Harris,2021-07-20T14:08:31Z,6,4
1641,Margaret Robinson,2021-09-14T08:34:53Z,6,7
1161,Richard Brown,2021-08-01T13:02:29Z,5,31
138,Joseph Anderson,2021-09-20T09:18:08Z,4,33
560,David Martin,2021-02-25T19:05:21Z,6,46
690,Mary Moore,2021-08-18T18:44:14Z,12,12
1213,David Lopez,2021-11-17T12:27:21Z,1,15
195,Susan Lopez,2021-09-04T20:04:57Z,8,46
1185,Matthew Ramirez,2021-07-05T17:33:59Z,7,42
1729,Daniel Taylor,2021-02-04T01:08:28Z,8,47
1470,Patricia Anderson,2021-10-17T04:06:42Z,6,17
189,Michael Williams,2021-08-18T22:45:07Z,12,41
1962,James Anderson,,8,50
1522,Linda Williams,2021-02-28T12:28:25Z,1,32
2088,Margaret White,2021-04-18T17:19:42Z,10,999
463,Thomas Wilson,2021-03-04T22:29:29Z,4,39
1648,Jessica Gonzalez,2021-10-17T02:13:27Z,3,2
824,Barbara Hernandez,2021-03-18T12:51:55Z,8,8
1175,Lisa Brown,2021-12-18T09:09:18Z,5,42
609,Elizabeth Davis,2021-04-26T13:58:07Z,5,46
98,Matthew Hernandez,2021-03-21T01:39:52Z,11,41
544,Thomas Jones,2021-04-29T02:38:46Z,3,11
589,Jessica Thompson,2021-08-07T14:50:03Z,5,31
439,Betty Lee,2021-09-09T09:19:23Z,6,5
1098,Sarah Lopez,2021-05-14T16:37:59Z,3,17
1742,Sarah Hernandez,2021-10-25T21:15:43Z,1,8
1722,Charles Lopez,2021-12-28T18:01:16Z,1,6
155,Paul Garcia,2021-10-16T19:22:15Z,8,29
1613,Robert Davis,2021-06-17T17:55:56Z,5,51
1995,Nancy Thompson,not-a-date,9,29
1736,Patricia Smith,2021-06-30T13:02:53Z,11,51
1302,Karen Williams,2021-04-20T07:55:57Z,8,25
2012,Richard Robinson,2021-07-13T22:54:10Z,,50
414,Linda Hernandez,2021-10-30T13:54:17Z,3,5
893,Nancy Jones,2021-01-27T13:38:32Z,9,37
1986,Robert Williams,07-27-2021T16:02:08Z,3,19
745,Paul Jackson,2021-07-04T15:59:02Z,5,3
614,Betty Jones,2021-04-23T19:12:53Z,1,19
1260,Sandra Lee,2021-10-01T15:37:08Z,12,42
342,Nancy Lopez,2021-07-31T10:47:22Z,11,23
696,Elizabeth Ramirez,2021-10-02T19:05:37Z,3,30
1367,Richard Martin,2021-08-07T21:10:35Z,11,2
1567,Mark Gonzalez,2021-09-13T12:16:14Z,8,34
1662,Sandra Jackson,2021-12-23T04:06:16Z,3,21
1030,James Johnson,2021-05-30T21:11:40Z,8,47
1018,Matthew Moore,2021-09-27T08:27:05Z,10,51
689,Thomas Davis,2021-06-10T14:39:37Z,5,18
422,Nancy Robinson,2021-12-09T13:17:04Z,10,42
1383,Thomas Wilson,2021-05-24T20:10:04Z,1,45
1415,Matthew Davis,2021-08-27T21:59:10Z,3,44
205,Sarah Smith,2021-07-20T15:18:53Z,4,6
2055,Barbara Garcia,2021-01-21T12:57:17Z,5,
1656,Linda Jackson,2021-03-01T07:43:31Z,7,20
201,Joseph Jackson,2021-08-26T00:42:13Z,11,25
1173,Mark Jackson,2021-09-17T19:44:10Z,8,10
661,Paul Taylor,2021-06-23T00:11:58Z,1,30
800,Nancy Lopez,2021-03-06T14:23:13Z,11,40
1169,Michael Lopez,2021-10-01T04:30:20Z,7,19
774,Jessica Jones,2021-01-25T13:41:33Z,3,28
649,Elizabeth Thompson,2021-02-15T14:23:38Z,11,19
2019,David Thompson,2021-02-13T14:51:26Z,,47
46,Paul Clark,2021-11-10T07:41:10Z,5,16
1205,Sarah Lee,2021-05-28T01:09:29Z,7,16
2053,Charles Johnson,2021-02-26T18:05:48Z,6,
1426,David Brown,2021-11-08T19:57:50Z,9,17
42,Elizabeth Clark,2021-09-06T03:26:27Z,9,39
547,Michael Lee,2021-08-02T22:12:50Z,5,9
863,David Clark,2021-04-07T03:22:38Z,11,26
1847,Michael Jackson,2020-10-12T04:44:29Z,6,4
1055,Joseph Rodriguez,2021-03-29T20:43:51Z,5,37
1164,Patricia Perez,2021-07-22T01:38:00Z,5,40
866,Daniel Sanchez,2021-12-08T19:21:37Z,2,26
1769,Margaret Martin,2021-12-05T14:27:53Z,2,22
1348,Daniel Hernandez,2021-02-10T02:07:36Z,12,34
944,Mary Gonzalez,2021-01-27T18:26:27Z,8,19
77,Michael Johnson,2021-08-13T22:21:05Z,12,35
668,Mary Martinez,2021-06-08T18:54:57Z,3,50
1103,Susan Taylor,2021-01-08T18:54:05Z,11,1
41,Anthony Garcia,2021-07-17T03:56:10Z,2,41
2051,Barbara Taylor,2021-10-12T15:39:24Z,10,
692,Mary Lopez,2021-09-07T20:08:25Z,11,25
469,Sandra Davis,2021-11-14T04:13:33Z,8,23
1249,Betty Garcia,2021-04-22T07:27:01Z,11,17
269,Sandra Thompson,2021-04-24T08:20:48Z,9,46
348,Sarah Miller,2021-08-16T17:29:11Z,4,15
1279,Nancy Lopez,2021-06-23T01:55:11Z,4,42
962,Linda Martinez,2021-04-12T08:36:42Z,6,26
1015,Charles Brown,2021-05-11T16:58:35Z,5,21
1001,Anthony Davis,2021-08-12T13:50:21Z,7,23
232,Charles Martin,2021-01-24T09:23:13Z,10,48
1439,Lisa Perez,2021-12-28T06:36:26Z,4,32
1688,Michael Martinez,2021-06-20T16:56:20Z,7,20
1464,John Thomas,2021-11-09T21:22:24Z,1,12
1414,Mary Sanchez,2021-08-21T19:53:02Z,9,34
1754,David Gonzalez,2021-09-01T07:30:15Z,9,11
399,Elizabeth Johnson,2021-03-27T15:22:50Z,7,39
1559,David White,2021-01-25T14:23:16Z,11,35
1398,Sarah Thomas,2021-03-11T09:47:14Z,6,36
111,Lisa Jones,2021-12-26T12:44:39Z,4,11
1429,Anthony Davis,2021-10-22T04:09:45Z,6,50
1501,Sandra Lopez,2021-07-07T01:19:08Z,9,15
526,Michael Brown,2021-02-22T17:04:49Z,2,29
185,Anthony Lopez,2021-03-07T03:54:29Z,10,39
116,Matthew Brown,2021-05-29T13:32:50Z,1,31
252,Thomas Lee,2021-06-21T17:52:36Z,5,12
1313,John Garcia,2021-03-13T10:56:11Z,4,40
1166,Thomas White,2021-08-28T21:21:44Z,2,19
1445,Anthony Ramirez,2021-07-30T06:54:10Z,1,31
1548,Michael Smith,2021-09-25T16:16:31Z,7,23
2027,Nancy Williams,2021-07-18T18:12:19Z,200,13
1079,John Martin,2021-08-25T09:04:41Z,11,45
1604,Richard Williams,2021-10-30T23:15:47Z,1,50
229,Susan Martin,2021-08-20T12:18:17Z,10,15
2076,Thomas Harris,2021-05-13T20:05:30Z,3,500
641,Richard Perez,2021-02-07T01:03:13Z,3,9
1950,John Robinson,,10,1
1925,,2021-03-30T11:04:57Z,2,16
2010,Joseph Moore,2021-03-05T03:31:10Z,,35
449,Susan Taylor,2021-05-21T12:28:56Z,1,24
1997,Paul Sanchez,2021-04-30T00:44:25Z,,11
1594,Anthony Clark,2021-09-25T20:38:55Z,5,36
1280,Karen Robinson,2021-08-30T05:22:01Z,4,3
551,Paul Martin,2021-05-12T02:50:33Z,10,3
1765,Anthony Ramirez,2021-02-08T03:46:15Z,9,44
2014,John Smith,2021-10-14T19:16:19Z,,35
673,Daniel Ramirez,2021-05-16T01:27:01Z,2,12
1242,Sarah Thompson,2021-09-05T08:07:40Z,6,46
725,Mark Perez,2021-01-19T20:11:12Z,1,27
135,Charles Martinez,2021-06-07T16:53:41Z,9,1
148,Paul Harris,2021-12-01T03:53:14Z,2,50
1883,Matthew Gonzalez,2022-12-15T03:37:09Z,2,41
1813,Charles Smith,2019-08-26T11:30:24Z,9,26
1542,Robert Davis,2021-03-03T05:51:22Z,8,6
1289,Michael Ramirez,2021-09-24T04:26:21Z,7,7
1844,Jessica Garcia,2020-11-06T10:41:13Z,9,3
1572,Betty Lee,2021-01-24T13:46:00Z,6,36
488,James Gonzalez,2021-12-06T04:02:20Z,8,3
1763,John Miller,2021-05-13T02:06:35Z,8,47
130,Karen Hernandez,2021-09-15T15:13:09Z,2,47
73,Paul Johnson,2021-03-05T22:31:45Z,7,1
1408,Robert Rodriguez,2021-03-28T03:02:54Z,6,6
1072,Matthew Martin,2021-08-17T04:36:21Z,9,51
2068,Sandra Robinson,2021-03-05T07:32:30Z,2,
2009,David Lopez,2021-02-27T10:56:24Z,,24
2040,Jessica Johnson,2021-11-16T13:02:40Z,150,38
1203,Robert Harris,2021-07-10T22:29:28Z,6,16
828,Margaret Anderson,2021-08-28T18:14:14Z,3,44
1909,Karen Garcia,2019-10-06T12:46:36Z,8,40
2017,Anthony Jackson,2021-09-16T23:50:39Z,,10
314,Daniel Miller,2021-08-30T03:07:30Z,5,44
395,Susan Thomas,2021-08-24T18:21:30Z,8,27
1241,John Thompson,2021-09-10T11:14:39Z,3,33
626,Elizabeth Lee,2021-01-23T23:26:06Z,2,42
1340,James Perez,2021-04-03T18:31:49Z,10,44
